{"type":"FeatureCollection", "features": [
{"type":"Feature","geometry":{"type":"Polygon","coordinates":[[[100.66462,13.77537],[100.66494,13.77558],[100.66549,13.77588],[100.66636,13.77638],[100.66682,13.77666],[100.66699,13.77677],[100.66722,13.77692],[100.66778,13.77717],[100.6683,13.7774],[100.66832,13.77741],[100.66836,13.77743],[100.66848,13.7775],[100.66899,13.7778],[100.66901,13.77781],[100.66917,13.7779],[100.66928,13.77797],[100.66965,13.77818],[100.67091,13.77892],[100.67142,13.77917],[100.67153,13.77921],[100.67157,13.77924],[100.67159,13.77925],[100.67232,13.77967],[100.67245,13.77974],[100.67329,13.78023],[100.67514,13.78121],[100.67537,13.78132],[100.67578,13.78152],[100.67598,13.78163],[100.67619,13.78174],[100.67644,13.78189],[100.67656,13.78195],[100.67678,13.7821],[100.67702,13.78224],[100.67705,13.78226],[100.67732,13.78242],[100.67824,13.78294],[100.67831,13.78297],[100.67841,13.78302],[100.6786,13.78311],[100.67891,13.78325],[100.67939,13.7835],[100.67992,13.78385],[100.68025,13.78403],[100.68057,13.78419],[100.68094,13.78438],[100.68111,13.78445],[100.68128,13.78456],[100.68132,13.78459],[100.68144,13.78467],[100.6815,13.78472],[100.68185,13.78495],[100.68228,13.78519],[100.68252,13.78531],[100.68257,13.78533],[100.68271,13.7854],[100.68297,13.78555],[100.6833,13.78573],[100.68339,13.78577],[100.68348,13.78582],[100.68373,13.78597],[100.68444,13.78639],[100.68505,13.78672],[100.6857,13.78707],[100.68639,13.78743],[100.68689,13.78768],[100.68722,13.78785],[100.68754,13.78803],[100.68779,13.78817],[100.68822,13.78841],[100.68831,13.78845],[100.68899,13.78877],[100.68958,13.7891],[100.68965,13.78914],[100.68972,13.78922],[100.69011,13.78942],[100.69018,13.78947],[100.6903,13.78956],[100.69043,13.78964],[100.69051,13.78969],[100.69073,13.78984],[100.69077,13.78987],[100.69079,13.78988],[100.69087,13.78993],[100.69101,13.79],[100.69138,13.79016],[100.69162,13.79031],[100.69201,13.79051],[100.69228,13.79067],[100.69275,13.79088],[100.69312,13.79111],[100.6937,13.79145],[100.69413,13.79168],[100.69478,13.79203],[100.6957,13.79259],[100.69607,13.79277],[100.69615,13.79281],[100.69674,13.7931],[100.69681,13.79314],[100.69699,13.79323],[100.69772,13.79364],[100.6982,13.79391],[100.69844,13.79404],[100.69859,13.79412],[100.69914,13.79442],[100.69928,13.79453],[100.6994,13.79463],[100.6999,13.79495],[100.70032,13.79521],[100.70051,13.79531],[100.70076,13.79544],[100.70104,13.79561],[100.7014,13.79578],[100.70155,13.79584],[100.70162,13.79587],[100.70173,13.79592],[100.70191,13.796],[100.70194,13.79601],[100.70197,13.79603],[100.70482,13.79761],[100.70496,13.79768],[100.70492,13.79775],[100.70476,13.79795],[100.70438,13.79861],[100.70396,13.79927],[100.70353,13.79994],[100.70307,13.80064],[100.70236,13.8017],[100.70206,13.80223],[100.70175,13.80277],[100.70164,13.80292],[100.70154,13.80308],[100.70135,13.80334],[100.70088,13.80399],[100.70072,13.80428],[100.70056,13.80458],[100.70057,13.80461],[100.70065,13.80472],[100.70073,13.80483],[100.70081,13.80493],[100.70093,13.80509],[100.70122,13.80541],[100.70152,13.80585],[100.70197,13.80669],[100.70212,13.8072],[100.70216,13.80745],[100.70215,13.8076],[100.70215,13.80766],[100.7021,13.8083],[100.70206,13.80852],[100.70205,13.80855],[100.70202,13.80869],[100.702,13.80874],[100.70199,13.80876],[100.70199,13.80878],[100.7019,13.80902],[100.70186,13.80914],[100.70182,13.80921],[100.70174,13.8093],[100.70154,13.80948],[100.7015,13.80952],[100.70132,13.80968],[100.70102,13.80991],[100.70078,13.81008],[100.69998,13.81046],[100.69936,13.81082],[100.69934,13.81084],[100.69854,13.81146],[100.6981,13.81185],[100.69762,13.81251],[100.69753,13.81267],[100.69719,13.81367],[100.69703,13.81418],[100.69699,13.81432],[100.69694,13.81446],[100.6969,13.81461],[100.69679,13.81518],[100.69681,13.81528],[100.6968,13.81536],[100.69678,13.81545],[100.69678,13.81549],[100.69672,13.81584],[100.69664,13.81666],[100.69662,13.81691],[100.6966,13.81718],[100.69662,13.81733],[100.69668,13.81788],[100.69671,13.81799],[100.69676,13.81824],[100.6968,13.81861],[100.69684,13.81892],[100.69691,13.81925],[100.69692,13.81948],[100.69704,13.82022],[100.69699,13.82033],[100.69696,13.8204],[100.69694,13.82045],[100.69693,13.82046],[100.69684,13.82051],[100.69674,13.82054],[100.69632,13.82071],[100.69622,13.82076],[100.69595,13.82107],[100.69574,13.82135],[100.69554,13.8217],[100.69542,13.82218],[100.6954,13.82241],[100.69546,13.82295],[100.69548,13.82327],[100.69547,13.82339],[100.69543,13.82363],[100.69548,13.82364],[100.69539,13.82395],[100.6953,13.82417],[100.69522,13.82429],[100.69512,13.82445],[100.69485,13.82477],[100.69448,13.82546],[100.69429,13.82588],[100.69413,13.8262],[100.69408,13.8263],[100.69385,13.82679],[100.69352,13.82732],[100.69266,13.82878],[100.69245,13.82919],[100.6922,13.82972],[100.69192,13.83022],[100.69186,13.83028],[100.69163,13.83049],[100.69157,13.83054],[100.69137,13.83064],[100.69109,13.83081],[100.69094,13.83097],[100.69089,13.83113],[100.69087,13.83134],[100.69085,13.83169],[100.69076,13.83205],[100.69064,13.83235],[100.69044,13.8326],[100.69038,13.83267],[100.69026,13.83288],[100.69014,13.83295],[100.68957,13.83338],[100.68893,13.83388],[100.68883,13.83398],[100.68842,13.83426],[100.6881,13.83447],[100.68802,13.83453],[100.68798,13.83457],[100.68794,13.83464],[100.68792,13.83469],[100.68788,13.83479],[100.68787,13.83486],[100.68787,13.83492],[100.68788,13.83499],[100.68795,13.83511],[100.68801,13.83522],[100.68811,13.83541],[100.6882,13.83552],[100.68829,13.83565],[100.68834,13.8358],[100.68834,13.83582],[100.68834,13.83594],[100.68818,13.83664],[100.68816,13.83685],[100.6881,13.83703],[100.68799,13.83791],[100.68784,13.83852],[100.68781,13.83864],[100.68779,13.83869],[100.68774,13.83876],[100.68763,13.83892],[100.68742,13.83924],[100.68722,13.83955],[100.68706,13.83985],[100.68696,13.84009],[100.68681,13.84042],[100.6868,13.84053],[100.68679,13.84061],[100.68669,13.84094],[100.68652,13.84149],[100.68647,13.84159],[100.68644,13.84165],[100.68642,13.84173],[100.68634,13.84232],[100.68633,13.84251],[100.68628,13.84293],[100.68613,13.84362],[100.68612,13.84366],[100.68595,13.84415],[100.68593,13.84418],[100.68588,13.84447],[100.68557,13.84524],[100.68542,13.84546],[100.68533,13.8456],[100.6852,13.84579],[100.68496,13.84616],[100.68481,13.84635],[100.68458,13.84665],[100.68456,13.84667],[100.68428,13.84713],[100.68414,13.84739],[100.68389,13.84798],[100.68385,13.84813],[100.68371,13.84822],[100.68355,13.84833],[100.68337,13.84846],[100.68314,13.84864],[100.68306,13.84869],[100.6829,13.84878],[100.68281,13.84884],[100.68273,13.84889],[100.68267,13.84892],[100.68249,13.84903],[100.68243,13.84907],[100.68206,13.84926],[100.68165,13.84948],[100.68133,13.84959],[100.68131,13.8496],[100.68108,13.84971],[100.68099,13.84975],[100.68083,13.84982],[100.68067,13.84997],[100.68026,13.85021],[100.68009,13.85027],[100.67987,13.85035],[100.67982,13.85035],[100.67965,13.85037],[100.67952,13.85039],[100.67948,13.85039],[100.67911,13.85044],[100.67901,13.85046],[100.67886,13.85048],[100.67882,13.85049],[100.67877,13.85049],[100.67866,13.85054],[100.67851,13.85061],[100.67832,13.85073],[100.67766,13.85124],[100.67733,13.85144],[100.67722,13.85149],[100.67716,13.85151],[100.67709,13.85155],[100.67688,13.85163],[100.67633,13.85176],[100.6761,13.85179],[100.67562,13.8519],[100.67481,13.85204],[100.67452,13.85212],[100.67407,13.85222],[100.67396,13.85222],[100.67382,13.85226],[100.67359,13.8523],[100.67334,13.85235],[100.67277,13.85234],[100.6724,13.85234],[100.67232,13.85234],[100.67212,13.85237],[100.67172,13.85241],[100.67166,13.85241],[100.67165,13.85241],[100.67139,13.85245],[100.67124,13.85248],[100.67097,13.85257],[100.67088,13.85268],[100.67084,13.85276],[100.67082,13.85282],[100.67079,13.85317],[100.67078,13.8532],[100.67076,13.85342],[100.67079,13.85349],[100.67083,13.85353],[100.67123,13.85374],[100.67159,13.85391],[100.67186,13.85404],[100.67208,13.85417],[100.67279,13.85454],[100.67334,13.85482],[100.6738,13.85506],[100.67403,13.85523],[100.67446,13.85551],[100.67471,13.85567],[100.67483,13.85576],[100.6751,13.85605],[100.67513,13.85608],[100.67529,13.85625],[100.67535,13.8563],[100.67546,13.85638],[100.67523,13.85654],[100.67507,13.85658],[100.67492,13.85664],[100.67453,13.85673],[100.67445,13.85676],[100.67431,13.85679],[100.67393,13.85691],[100.67385,13.85693],[100.67369,13.85696],[100.67337,13.85703],[100.67303,13.85708],[100.67264,13.85711],[100.6725,13.85714],[100.67212,13.85723],[100.67202,13.85726],[100.67196,13.85724],[100.67183,13.8572],[100.67157,13.85714],[100.67135,13.85712],[100.67099,13.85707],[100.6709,13.85707],[100.67069,13.85704],[100.67054,13.857],[100.67036,13.85698],[100.6699,13.85697],[100.66977,13.85697],[100.66968,13.85696],[100.66932,13.85688],[100.66899,13.85683],[100.66861,13.85672],[100.66846,13.85667],[100.66809,13.85658],[100.66781,13.85647],[100.66734,13.85632],[100.66708,13.85621],[100.66669,13.85602],[100.6663,13.85584],[100.66562,13.85542],[100.66514,13.85504],[100.665,13.85489],[100.66494,13.85482],[100.66483,13.85474],[100.6648,13.85471],[100.66477,13.8547],[100.66475,13.85469],[100.66472,13.85469],[100.6647,13.8547],[100.66469,13.85471],[100.66463,13.85474],[100.66445,13.85482],[100.66417,13.85502],[100.66397,13.8552],[100.66372,13.85559],[100.6632,13.85603],[100.66311,13.85597],[100.6629,13.85567],[100.66279,13.85535],[100.66256,13.85496],[100.66249,13.85482],[100.66248,13.85481],[100.66237,13.85463],[100.66219,13.85435],[100.66189,13.85377],[100.66166,13.85341],[100.66155,13.8532],[100.66125,13.85275],[100.66116,13.8526],[100.66114,13.85258],[100.66112,13.85257],[100.66109,13.85257],[100.66105,13.85257],[100.66096,13.85258],[100.66082,13.85257],[100.66064,13.85254],[100.66009,13.8525],[100.66003,13.85249],[100.65978,13.85246],[100.65902,13.85239],[100.65846,13.85238],[100.6583,13.85239],[100.65826,13.85227],[100.65817,13.85192],[100.6581,13.85172],[100.65808,13.85161],[100.65808,13.85151],[100.65814,13.85113],[100.6582,13.85075],[100.65817,13.85046],[100.65817,13.85039],[100.65817,13.85033],[100.6582,13.85018],[100.65826,13.84997],[100.6583,13.84968],[100.65831,13.84966],[100.65832,13.84962],[100.65835,13.84956],[100.65837,13.84955],[100.65838,13.84956],[100.6584,13.84956],[100.65843,13.84957],[100.65845,13.84958],[100.65846,13.84958],[100.65847,13.84957],[100.65854,13.84949],[100.65857,13.84945],[100.65872,13.84921],[100.65873,13.84917],[100.65873,13.84915],[100.65872,13.84908],[100.65872,13.84905],[100.65873,13.84902],[100.65876,13.84898],[100.65878,13.84895],[100.65886,13.84879],[100.65887,13.84874],[100.65889,13.84861],[100.65889,13.84859],[100.65888,13.84857],[100.65887,13.84855],[100.65886,13.84853],[100.65883,13.8484],[100.65879,13.84827],[100.65872,13.84804],[100.65868,13.84796],[100.65867,13.84792],[100.65864,13.84776],[100.65838,13.84777],[100.65826,13.84777],[100.65821,13.84777],[100.65815,13.84776],[100.6581,13.84775],[100.65785,13.84775],[100.65719,13.84783],[100.65706,13.84785],[100.65692,13.84789],[100.65688,13.84789],[100.65685,13.84788],[100.65674,13.84785],[100.65665,13.84783],[100.65657,13.84783],[100.65648,13.84783],[100.65639,13.84782],[100.65636,13.84781],[100.65631,13.84779],[100.65585,13.84758],[100.65581,13.84757],[100.65555,13.84749],[100.65521,13.84741],[100.65497,13.84736],[100.6542,13.84715],[100.65366,13.84702],[100.65329,13.84693],[100.65297,13.84685],[100.65282,13.84687],[100.65243,13.84695],[100.65212,13.84698],[100.65208,13.84698],[100.65111,13.8467],[100.65076,13.8466],[100.65053,13.84654],[100.65041,13.84651],[100.65028,13.84649],[100.65024,13.84648],[100.65019,13.84645],[100.65004,13.84639],[100.64978,13.84634],[100.6492,13.84633],[100.64908,13.84631],[100.64899,13.84628],[100.64878,13.84622],[100.64873,13.84621],[100.6484,13.84639],[100.64791,13.84666],[100.64792,13.8467],[100.64792,13.84671],[100.64793,13.84674],[100.64794,13.84676],[100.64794,13.84678],[100.64795,13.8468],[100.64796,13.84683],[100.64796,13.84686],[100.64797,13.84688],[100.64797,13.84691],[100.64798,13.84693],[100.64798,13.84695],[100.64799,13.84697],[100.64799,13.84699],[100.648,13.84701],[100.648,13.84702],[100.64801,13.84705],[100.64801,13.84706],[100.64802,13.84709],[100.64803,13.84711],[100.64803,13.84713],[100.64803,13.84714],[100.64804,13.84716],[100.64805,13.84719],[100.64805,13.84721],[100.64806,13.84724],[100.64807,13.84726],[100.64808,13.84729],[100.64808,13.8473],[100.64809,13.84733],[100.64809,13.84734],[100.6481,13.84736],[100.6481,13.84738],[100.64811,13.84741],[100.64812,13.84742],[100.64812,13.84744],[100.64813,13.84746],[100.64813,13.84748],[100.64814,13.8475],[100.64814,13.84751],[100.64815,13.84753],[100.64816,13.84755],[100.64816,13.84756],[100.64817,13.84758],[100.64817,13.8476],[100.64817,13.84761],[100.64815,13.84762],[100.64814,13.84762],[100.6481,13.84762],[100.64808,13.84762],[100.64797,13.84761],[100.64789,13.8476],[100.64773,13.84759],[100.64767,13.84758],[100.64749,13.84757],[100.64748,13.84756],[100.64737,13.84755],[100.64723,13.84753],[100.6471,13.84752],[100.64706,13.84751],[100.647,13.84751],[100.64697,13.8475],[100.64696,13.8475],[100.64694,13.84749],[100.64693,13.84749],[100.64691,13.84749],[100.64689,13.84749],[100.64687,13.84749],[100.64685,13.84749],[100.64683,13.84748],[100.64682,13.84748],[100.6468,13.84748],[100.64678,13.84748],[100.64676,13.84747],[100.64599,13.84737],[100.64596,13.84737],[100.6458,13.84734],[100.64563,13.84732],[100.64517,13.84725],[100.6448,13.84721],[100.64441,13.84714],[100.64346,13.84702],[100.64334,13.84701],[100.64233,13.84688],[100.64177,13.84681],[100.64129,13.84673],[100.64086,13.84665],[100.64032,13.84648],[100.64018,13.84645],[100.63992,13.84638],[100.63984,13.84636],[100.63927,13.84618],[100.6391,13.8461],[100.6389,13.84596],[100.63886,13.84594],[100.63833,13.84555],[100.63816,13.84542],[100.63811,13.84539],[100.63805,13.84534],[100.63769,13.84508],[100.63736,13.84484],[100.63712,13.84467],[100.63608,13.84387],[100.63581,13.8437],[100.63517,13.84346],[100.63457,13.84322],[100.63347,13.84276],[100.63323,13.84265],[100.63316,13.84262],[100.63295,13.84255],[100.63294,13.84254],[100.63292,13.84254],[100.6329,13.84255],[100.63289,13.84255],[100.63287,13.84255],[100.63263,13.84258],[100.63261,13.84258],[100.63252,13.84259],[100.63235,13.8426],[100.63222,13.84261],[100.63215,13.84262],[100.63213,13.84262],[100.6321,13.84262],[100.63206,13.84262],[100.63204,13.84262],[100.63203,13.84263],[100.63201,13.84263],[100.63193,13.84264],[100.63174,13.84266],[100.63144,13.84271],[100.63143,13.84271],[100.6314,13.84271],[100.63137,13.84272],[100.63132,13.84272],[100.63108,13.84273],[100.63102,13.84273],[100.63094,13.84273],[100.63053,13.84273],[100.6301,13.84274],[100.63001,13.84274],[100.62976,13.84273],[100.6297,13.84273],[100.62964,13.84272],[100.62961,13.84272],[100.62957,13.8427],[100.62954,13.84268],[100.62927,13.84266],[100.6292,13.84266],[100.62909,13.84266],[100.62875,13.84268],[100.62869,13.84269],[100.62868,13.84269],[100.62866,13.8427],[100.62862,13.84277],[100.62846,13.84301],[100.62845,13.84303],[100.6284,13.84309],[100.62832,13.84318],[100.62829,13.8432],[100.62815,13.84333],[100.62813,13.84335],[100.62795,13.84348],[100.62763,13.84367],[100.62722,13.84389],[100.62695,13.844],[100.62692,13.84402],[100.62669,13.84415],[100.62659,13.84421],[100.62657,13.84422],[100.62655,13.84423],[100.62648,13.84428],[100.62644,13.8443],[100.62639,13.84434],[100.62636,13.84436],[100.62634,13.84437],[100.62631,13.84439],[100.62625,13.84441],[100.62624,13.84442],[100.62621,13.84443],[100.62613,13.84449],[100.62604,13.84455],[100.62593,13.84461],[100.62524,13.84496],[100.62514,13.84501],[100.625,13.84508],[100.62498,13.84509],[100.62471,13.84524],[100.62459,13.84529],[100.62441,13.84538],[100.62425,13.84548],[100.62388,13.84567],[100.62353,13.84584],[100.6235,13.84586],[100.62347,13.84588],[100.62346,13.84589],[100.62341,13.84594],[100.62326,13.8461],[100.62322,13.84614],[100.62321,13.84616],[100.62319,13.84618],[100.62316,13.84624],[100.62315,13.84625],[100.62313,13.84627],[100.62301,13.84638],[100.62276,13.84661],[100.62272,13.84664],[100.62266,13.84668],[100.62239,13.84684],[100.62216,13.84699],[100.62213,13.84701],[100.62209,13.84703],[100.62204,13.84706],[100.62201,13.84707],[100.62197,13.84708],[100.62192,13.8471],[100.62184,13.84712],[100.62183,13.84712],[100.62181,13.84713],[100.62179,13.84714],[100.62169,13.84721],[100.62157,13.8473],[100.62153,13.84734],[100.62126,13.84763],[100.62121,13.8477],[100.62102,13.84791],[100.62098,13.84795],[100.6209,13.84801],[100.62082,13.84807],[100.62078,13.8481],[100.62073,13.84812],[100.62049,13.84822],[100.62007,13.84835],[100.62,13.84837],[100.61996,13.84838],[100.61975,13.84844],[100.61972,13.84845],[100.61966,13.84847],[100.61958,13.84848],[100.61954,13.84849],[100.61944,13.8485],[100.61941,13.8485],[100.61896,13.84854],[100.61888,13.84854],[100.61871,13.84855],[100.61825,13.84862],[100.61783,13.84869],[100.61719,13.84875],[100.61673,13.84881],[100.6165,13.84884],[100.61648,13.84884],[100.61646,13.84885],[100.61632,13.84891],[100.61628,13.84893],[100.61625,13.84894],[100.61623,13.84894],[100.6162,13.84894],[100.61618,13.84893],[100.61611,13.84891],[100.61609,13.8489],[100.61608,13.8489],[100.61606,13.8489],[100.61604,13.8489],[100.61567,13.84895],[100.61504,13.84899],[100.615,13.84899],[100.61458,13.84903],[100.61434,13.84907],[100.614,13.84911],[100.61364,13.84912],[100.61363,13.84912],[100.61357,13.84915],[100.61354,13.84916],[100.61352,13.84917],[100.61349,13.84917],[100.61347,13.84917],[100.61345,13.84917],[100.61343,13.84917],[100.61342,13.84917],[100.61336,13.84916],[100.61332,13.84915],[100.61324,13.84914],[100.61321,13.84913],[100.61314,13.84913],[100.613,13.84913],[100.61289,13.84913],[100.61248,13.84914],[100.61193,13.84914],[100.61166,13.84914],[100.61163,13.84915],[100.6116,13.84915],[100.61157,13.84916],[100.61148,13.84918],[100.61143,13.84919],[100.61138,13.84919],[100.61134,13.84919],[100.61131,13.84918],[100.6112,13.84915],[100.61115,13.84913],[100.61111,13.84912],[100.61108,13.84911],[100.61105,13.84911],[100.61095,13.84911],[100.61083,13.84911],[100.61081,13.84912],[100.6108,13.84912],[100.61078,13.84912],[100.61077,13.84912],[100.61075,13.84913],[100.61074,13.84913],[100.61069,13.84915],[100.61067,13.84915],[100.61065,13.84915],[100.61063,13.84915],[100.61061,13.84914],[100.61058,13.84911],[100.61057,13.8491],[100.61056,13.8491],[100.61054,13.8491],[100.61052,13.8491],[100.61051,13.8491],[100.61049,13.84912],[100.61044,13.84918],[100.61043,13.8492],[100.61042,13.84921],[100.6104,13.84921],[100.61038,13.84922],[100.61035,13.84922],[100.61032,13.84922],[100.61031,13.84921],[100.61029,13.84921],[100.61028,13.8492],[100.61021,13.84914],[100.61019,13.84913],[100.61018,13.84913],[100.61017,13.84913],[100.61015,13.84913],[100.6101,13.84917],[100.61008,13.84918],[100.61006,13.84919],[100.61003,13.84919],[100.61,13.84919],[100.60998,13.84919],[100.60996,13.84919],[100.60994,13.84918],[100.60993,13.84918],[100.60991,13.84916],[100.60988,13.84913],[100.60987,13.84912],[100.60986,13.84912],[100.60984,13.84912],[100.60979,13.84912],[100.60974,13.84912],[100.60972,13.84912],[100.60969,13.84912],[100.60941,13.84913],[100.60933,13.84913],[100.60922,13.84914],[100.60908,13.84915],[100.60902,13.84916],[100.60898,13.84916],[100.60889,13.84917],[100.60883,13.84916],[100.6088,13.84916],[100.60878,13.84916],[100.60874,13.84915],[100.60872,13.84914],[100.6087,13.84914],[100.60864,13.84913],[100.60856,13.84913],[100.60834,13.84917],[100.60814,13.84921],[100.60793,13.84923],[100.60791,13.84923],[100.60779,13.84924],[100.60762,13.84925],[100.60743,13.84926],[100.60738,13.84927],[100.6073,13.84927],[100.60724,13.84927],[100.60719,13.84927],[100.60716,13.84927],[100.60705,13.84927],[100.60699,13.84927],[100.60695,13.84926],[100.60694,13.84926],[100.60686,13.84925],[100.60682,13.84924],[100.60676,13.84923],[100.60675,13.84923],[100.60668,13.84921],[100.60654,13.84914],[100.60607,13.84898],[100.60597,13.84895],[100.60588,13.84891],[100.60583,13.84889],[100.60559,13.84879],[100.60542,13.8487],[100.60537,13.84868],[100.6051,13.84855],[100.60494,13.84847],[100.60459,13.8483],[100.60424,13.8481],[100.60277,13.84712],[100.60236,13.84686],[100.6012,13.8467],[100.60065,13.84665],[100.60016,13.84658],[100.60014,13.84657],[100.5998,13.84652],[100.59963,13.84649],[100.59904,13.84639],[100.59895,13.84637],[100.5989,13.84636],[100.59883,13.84636],[100.5988,13.84636],[100.59865,13.84636],[100.59862,13.84635],[100.5986,13.84635],[100.59856,13.84634],[100.59828,13.84623],[100.59819,13.8462],[100.59816,13.84619],[100.59813,13.84619],[100.5981,13.84619],[100.59804,13.84618],[100.59777,13.84617],[100.59772,13.84616],[100.59767,13.84615],[100.59765,13.84615],[100.5976,13.84614],[100.59758,13.84613],[100.59747,13.84608],[100.59742,13.84606],[100.5974,13.84605],[100.59739,13.84604],[100.59736,13.84602],[100.597,13.84582],[100.59697,13.84581],[100.59694,13.84581],[100.59692,13.8458],[100.59665,13.84579],[100.59662,13.84579],[100.59655,13.84578],[100.59606,13.84574],[100.59599,13.84574],[100.59574,13.84571],[100.59561,13.8457],[100.59553,13.84569],[100.59541,13.84566],[100.59511,13.84559],[100.59437,13.84542],[100.59405,13.84534],[100.59388,13.84531],[100.59385,13.8453],[100.59323,13.8451],[100.59275,13.84494],[100.59248,13.84483],[100.59203,13.84463],[100.5918,13.84452],[100.59156,13.84441],[100.59149,13.84438],[100.59138,13.84434],[100.59122,13.84428],[100.59073,13.84412],[100.59046,13.84405],[100.58987,13.84393],[100.58988,13.84388],[100.58989,13.84381],[100.5899,13.84376],[100.59007,13.84277],[100.59026,13.84176],[100.59031,13.84144],[100.59039,13.8411],[100.59045,13.8408],[100.59054,13.84043],[100.59062,13.84012],[100.59068,13.83991],[100.59077,13.83961],[100.59077,13.8396],[100.59083,13.83939],[100.59086,13.83928],[100.5909,13.83912],[100.59096,13.83886],[100.59102,13.83857],[100.59104,13.83828],[100.59107,13.83799],[100.59109,13.83784],[100.59112,13.83749],[100.59111,13.83736],[100.5911,13.8373],[100.5911,13.83722],[100.59107,13.83701],[100.59107,13.83696],[100.59102,13.83658],[100.591,13.83642],[100.59097,13.83634],[100.59095,13.83627],[100.59081,13.83582],[100.59079,13.83577],[100.59072,13.83537],[100.5907,13.8353],[100.59046,13.83456],[100.59036,13.83423],[100.59025,13.83398],[100.59019,13.8338],[100.59012,13.83357],[100.59012,13.83354],[100.5901,13.83347],[100.59008,13.83338],[100.59005,13.8332],[100.59005,13.83318],[100.59003,13.83311],[100.59001,13.83293],[100.59,13.83291],[100.59,13.83289],[100.59,13.83286],[100.58999,13.83281],[100.58995,13.83253],[100.58992,13.8323],[100.58986,13.83201],[100.58985,13.83171],[100.58985,13.83136],[100.58988,13.83096],[100.5899,13.8308],[100.58992,13.83071],[100.58998,13.83049],[100.58999,13.83041],[100.59001,13.8303],[100.59002,13.83023],[100.59002,13.83012],[100.59002,13.83006],[100.59001,13.82978],[100.59,13.82954],[100.58999,13.82921],[100.58998,13.82911],[100.58998,13.82909],[100.58998,13.82907],[100.58998,13.82902],[100.58998,13.82898],[100.58994,13.82873],[100.5899,13.82846],[100.58986,13.82828],[100.58985,13.82821],[100.5898,13.82786],[100.58978,13.8277],[100.58978,13.82766],[100.58975,13.82744],[100.58975,13.82739],[100.58975,13.8273],[100.58976,13.82722],[100.58976,13.82714],[100.58976,13.82703],[100.58976,13.82696],[100.58977,13.8269],[100.5897,13.82644],[100.58969,13.82637],[100.58969,13.82635],[100.58968,13.82633],[100.58968,13.82629],[100.58962,13.82589],[100.58962,13.82588],[100.58957,13.82551],[100.58956,13.82548],[100.58955,13.82546],[100.58954,13.82541],[100.58942,13.82518],[100.58942,13.82516],[100.58926,13.82463],[100.58916,13.82419],[100.58916,13.82418],[100.58914,13.82409],[100.58914,13.82405],[100.58915,13.824],[100.58934,13.82311],[100.58935,13.82308],[100.58938,13.82294],[100.58938,13.82264],[100.58938,13.82256],[100.58938,13.82245],[100.58939,13.82237],[100.58939,13.82232],[100.58939,13.82213],[100.58939,13.82211],[100.58939,13.82196],[100.58939,13.82194],[100.58939,13.82193],[100.5894,13.82191],[100.5894,13.82189],[100.58938,13.82179],[100.58935,13.8216],[100.58934,13.82147],[100.58935,13.82138],[100.58933,13.82102],[100.58932,13.82071],[100.58932,13.82067],[100.58931,13.82052],[100.58931,13.82051],[100.58931,13.82049],[100.58931,13.82045],[100.58929,13.82034],[100.58928,13.82021],[100.58927,13.82018],[100.58925,13.82001],[100.58924,13.82],[100.58924,13.81989],[100.58925,13.81956],[100.58926,13.81944],[100.58927,13.81941],[100.5893,13.8192],[100.58946,13.81858],[100.58947,13.81855],[100.5896,13.81806],[100.58959,13.81799],[100.58958,13.81792],[100.58952,13.8175],[100.58952,13.81746],[100.58952,13.8174],[100.58952,13.81731],[100.58952,13.81717],[100.58952,13.817],[100.5895,13.81681],[100.58948,13.81666],[100.58948,13.81663],[100.58946,13.81657],[100.5894,13.81626],[100.58932,13.81585],[100.5893,13.81575],[100.58909,13.81528],[100.58907,13.8152],[100.58907,13.81518],[100.58906,13.81515],[100.58906,13.81512],[100.58905,13.81504],[100.58903,13.81466],[100.58902,13.81451],[100.58904,13.81413],[100.58904,13.81401],[100.58904,13.81387],[100.58903,13.81381],[100.58902,13.81376],[100.58901,13.81372],[100.58897,13.81355],[100.58893,13.81342],[100.58881,13.81306],[100.58861,13.81268],[100.58858,13.81258],[100.58857,13.8125],[100.58858,13.81241],[100.58859,13.81236],[100.58861,13.81222],[100.58864,13.81211],[100.58869,13.81186],[100.5887,13.81182],[100.58871,13.8118],[100.58871,13.81179],[100.58872,13.81178],[100.58873,13.81177],[100.58877,13.81174],[100.58878,13.81173],[100.58879,13.81173],[100.5888,13.8117],[100.58883,13.81162],[100.58893,13.81131],[100.58895,13.81123],[100.58895,13.81121],[100.58895,13.81119],[100.58894,13.81118],[100.58893,13.81117],[100.58892,13.81116],[100.5889,13.81116],[100.58908,13.81058],[100.58909,13.81057],[100.58913,13.81049],[100.58913,13.81043],[100.58913,13.81041],[100.58913,13.81026],[100.58911,13.81012],[100.5891,13.81003],[100.58908,13.80989],[100.58895,13.80929],[100.58887,13.80864],[100.58883,13.80824],[100.58883,13.80776],[100.58882,13.80772],[100.58882,13.80714],[100.58882,13.80695],[100.58881,13.80692],[100.58881,13.80675],[100.5888,13.80659],[100.58879,13.80633],[100.58875,13.80568],[100.58875,13.80562],[100.58875,13.80554],[100.58877,13.8053],[100.58881,13.80463],[100.58881,13.80462],[100.5888,13.80442],[100.58877,13.80429],[100.58859,13.80375],[100.58837,13.8031],[100.58835,13.80302],[100.58834,13.80298],[100.58823,13.80308],[100.58812,13.80311],[100.58808,13.80311],[100.58804,13.80311],[100.58801,13.80311],[100.58797,13.8031],[100.58728,13.803],[100.58722,13.80299],[100.58714,13.80299],[100.58709,13.80299],[100.58702,13.80298],[100.58693,13.80298],[100.58639,13.80296],[100.58599,13.80295],[100.58585,13.80294],[100.58582,13.80293],[100.58563,13.80291],[100.58553,13.8029],[100.58485,13.80283],[100.58432,13.80279],[100.584,13.80281],[100.58371,13.80283],[100.58327,13.8029],[100.5831,13.80291],[100.58286,13.8029],[100.58193,13.80279],[100.58191,13.80279],[100.58183,13.80276],[100.58177,13.80274],[100.58161,13.80269],[100.58159,13.80269],[100.58158,13.80268],[100.58155,13.80267],[100.58152,13.80265],[100.58142,13.8026],[100.58141,13.80258],[100.58117,13.80239],[100.58092,13.80216],[100.58089,13.80213],[100.58068,13.80198],[100.58066,13.80197],[100.58045,13.8019],[100.58044,13.80189],[100.58042,13.80189],[100.5804,13.80188],[100.58036,13.80187],[100.58033,13.80186],[100.58031,13.80186],[100.5803,13.80186],[100.57992,13.80186],[100.57988,13.80186],[100.57926,13.80176],[100.57907,13.80173],[100.57829,13.80156],[100.57738,13.80129],[100.5773,13.80128],[100.57692,13.8012],[100.57689,13.80119],[100.57687,13.80119],[100.57686,13.8012],[100.57677,13.80123],[100.57665,13.80127],[100.57654,13.8013],[100.57639,13.80134],[100.57636,13.80135],[100.57618,13.8014],[100.57614,13.80141],[100.57606,13.80141],[100.57601,13.80142],[100.57571,13.80142],[100.57558,13.80141],[100.57551,13.8014],[100.57544,13.80137],[100.57526,13.80127],[100.57517,13.80122],[100.5749,13.80107],[100.57474,13.80103],[100.57463,13.801],[100.5745,13.80096],[100.57439,13.8009],[100.57436,13.80089],[100.57434,13.80087],[100.57431,13.80086],[100.57424,13.80079],[100.57422,13.80078],[100.57417,13.80074],[100.57408,13.80065],[100.57379,13.80037],[100.57375,13.80035],[100.57374,13.80034],[100.57372,13.80033],[100.57364,13.8003],[100.57317,13.80022],[100.57288,13.80016],[100.57279,13.80014],[100.5727,13.80011],[100.57268,13.8001],[100.57265,13.80008],[100.57256,13.80003],[100.57253,13.80001],[100.5725,13.79999],[100.57249,13.79998],[100.57238,13.7999],[100.57221,13.79979],[100.57205,13.7997],[100.57203,13.79969],[100.572,13.79969],[100.57196,13.79968],[100.57168,13.7997],[100.57155,13.79971],[100.57146,13.79971],[100.57132,13.79969],[100.5709,13.79963],[100.57016,13.79951],[100.57001,13.79948],[100.56997,13.79947],[100.5699,13.79946],[100.56958,13.7994],[100.56917,13.79936],[100.56877,13.79933],[100.56799,13.79931],[100.56749,13.79928],[100.56747,13.79928],[100.56747,13.7992],[100.56742,13.79918],[100.56741,13.79917],[100.5674,13.79916],[100.5674,13.79914],[100.56732,13.79894],[100.56723,13.79871],[100.56719,13.79854],[100.56706,13.79726],[100.56701,13.79684],[100.56698,13.79664],[100.56698,13.79659],[100.56698,13.79643],[100.56698,13.79631],[100.567,13.79575],[100.56697,13.79498],[100.56698,13.79494],[100.56689,13.79489],[100.56646,13.79468],[100.56609,13.79461],[100.56604,13.79461],[100.56596,13.7946],[100.56546,13.79468],[100.56527,13.7947],[100.5652,13.79471],[100.56515,13.79471],[100.56502,13.79473],[100.56496,13.79473],[100.56492,13.79473],[100.56485,13.79474],[100.56396,13.79483],[100.56302,13.7949],[100.56247,13.79491],[100.56181,13.79494],[100.56163,13.79496],[100.56163,13.79486],[100.56164,13.79478],[100.56167,13.7945],[100.56173,13.79389],[100.56177,13.79349],[100.56181,13.79281],[100.56182,13.79279],[100.56182,13.79271],[100.5619,13.79197],[100.56193,13.79146],[100.56198,13.79046],[100.56194,13.78977],[100.56189,13.78932],[100.56165,13.78808],[100.56138,13.78725],[100.56131,13.78706],[100.56098,13.78645],[100.56032,13.78526],[100.5599,13.78451],[100.55985,13.78443],[100.5595,13.78383],[100.55931,13.78347],[100.55866,13.78228],[100.55855,13.78204],[100.5573,13.7798],[100.55703,13.77932],[100.55638,13.77815],[100.55586,13.77722],[100.55569,13.77691],[100.55498,13.77562],[100.55454,13.77485],[100.554,13.77388],[100.55379,13.77345],[100.55309,13.77232],[100.55302,13.77221],[100.55281,13.77183],[100.55268,13.77157],[100.55257,13.77139],[100.55233,13.77094],[100.55216,13.7706],[100.55208,13.77045],[100.55188,13.77014],[100.55176,13.76999],[100.5517,13.76989],[100.5511,13.7687],[100.55082,13.76819],[100.55064,13.76788],[100.55001,13.76666],[100.54986,13.76642],[100.54938,13.76572],[100.5489,13.76483],[100.54834,13.76355],[100.54791,13.76368],[100.54766,13.76374],[100.54728,13.76376],[100.547,13.76373],[100.54691,13.76371],[100.54563,13.76335],[100.54343,13.76272],[100.54353,13.76265],[100.54395,13.76239],[100.54453,13.76185],[100.54468,13.76175],[100.54496,13.76159],[100.54542,13.76141],[100.54546,13.76138],[100.54549,13.76136],[100.54565,13.76115],[100.54582,13.76084],[100.54584,13.76081],[100.54586,13.76079],[100.54587,13.76078],[100.5459,13.76073],[100.54603,13.76063],[100.54606,13.7606],[100.54611,13.76056],[100.54642,13.76045],[100.54652,13.76045],[100.54661,13.76044],[100.54688,13.76048],[100.54705,13.7605],[100.5471,13.7605],[100.54713,13.7605],[100.54719,13.76046],[100.54722,13.76044],[100.54724,13.76042],[100.54726,13.76037],[100.54728,13.76033],[100.54733,13.76007],[100.54734,13.75988],[100.54741,13.75981],[100.54777,13.75973],[100.54796,13.75972],[100.54808,13.75969],[100.54822,13.75962],[100.54837,13.75949],[100.54858,13.75939],[100.54915,13.75919],[100.54944,13.75909],[100.54947,13.75907],[100.54953,13.75904],[100.54956,13.75903],[100.54959,13.75901],[100.54989,13.75891],[100.5501,13.75884],[100.5503,13.75874],[100.5504,13.75869],[100.55057,13.75855],[100.5507,13.75843],[100.55077,13.75835],[100.55081,13.7583],[100.55095,13.75814],[100.5511,13.75794],[100.55114,13.7579],[100.55124,13.75776],[100.55139,13.7576],[100.55151,13.75745],[100.55151,13.75743],[100.55165,13.75715],[100.55171,13.75702],[100.5521,13.75664],[100.55234,13.75622],[100.55241,13.75605],[100.55243,13.75602],[100.55245,13.756],[100.55247,13.75599],[100.55251,13.75597],[100.55255,13.75597],[100.55264,13.75597],[100.55273,13.75598],[100.55285,13.75602],[100.553,13.75604],[100.55308,13.75605],[100.55316,13.75605],[100.55328,13.75601],[100.55338,13.75599],[100.55354,13.75594],[100.55356,13.75594],[100.55359,13.75593],[100.55369,13.75591],[100.55377,13.7559],[100.55381,13.7559],[100.55382,13.7559],[100.55385,13.75591],[100.55387,13.75592],[100.5539,13.75594],[100.55392,13.75596],[100.55397,13.75602],[100.55399,13.75604],[100.55403,13.75607],[100.55404,13.75607],[100.55425,13.75613],[100.5543,13.75614],[100.55443,13.75613],[100.55445,13.75613],[100.55449,13.75612],[100.55491,13.75607],[100.55497,13.75604],[100.55509,13.75601],[100.55514,13.75601],[100.55516,13.756],[100.55532,13.75601],[100.55536,13.75601],[100.5554,13.75601],[100.55542,13.75602],[100.55543,13.75602],[100.55579,13.75606],[100.5558,13.75606],[100.55592,13.75606],[100.55621,13.75602],[100.55682,13.75584],[100.55699,13.75585],[100.55718,13.75586],[100.55719,13.75586],[100.55721,13.75586],[100.55733,13.75584],[100.55785,13.75577],[100.55799,13.75579],[100.55804,13.75579],[100.55862,13.7558],[100.55868,13.7558],[100.55876,13.7558],[100.55899,13.75579],[100.55935,13.75576],[100.55958,13.75573],[100.55966,13.75572],[100.55974,13.7557],[100.55978,13.7557],[100.56006,13.75566],[100.56008,13.75566],[100.56013,13.75565],[100.56016,13.75564],[100.5602,13.75564],[100.56021,13.75564],[100.56027,13.75563],[100.56028,13.75563],[100.56039,13.75563],[100.56042,13.75564],[100.56047,13.75566],[100.56048,13.75566],[100.56065,13.75565],[100.56075,13.75565],[100.56084,13.75565],[100.5614,13.75559],[100.56185,13.75552],[100.56223,13.75552],[100.56236,13.7555],[100.56268,13.75546],[100.56269,13.75546],[100.56272,13.75546],[100.56274,13.75546],[100.56282,13.75545],[100.56385,13.75538],[100.56386,13.75538],[100.56387,13.75537],[100.5642,13.75531],[100.56451,13.75525],[100.56492,13.75513],[100.56497,13.75513],[100.56393,13.7505],[100.56348,13.74864],[100.5633,13.74789],[100.56346,13.74788],[100.5636,13.74789],[100.56368,13.7479],[100.56383,13.74788],[100.564,13.74785],[100.56441,13.74778],[100.56445,13.74777],[100.56449,13.74777],[100.56459,13.74775],[100.56466,13.74774],[100.56471,13.74774],[100.56489,13.7477],[100.5655,13.74756],[100.5656,13.74754],[100.56639,13.74736],[100.5673,13.74714],[100.56753,13.74709],[100.56791,13.74703],[100.56814,13.74699],[100.56821,13.74698],[100.56828,13.74697],[100.56852,13.74692],[100.56856,13.74692],[100.56865,13.7469],[100.56873,13.74688],[100.56875,13.74688],[100.56877,13.74688],[100.5688,13.74688],[100.56881,13.74688],[100.56886,13.74691],[100.56889,13.7469],[100.56892,13.7469],[100.56895,13.74689],[100.56896,13.74689],[100.56898,13.74688],[100.56918,13.74684],[100.5706,13.74654],[100.57068,13.74653],[100.57073,13.74652],[100.57086,13.7465],[100.5712,13.74643],[100.5722,13.74629],[100.57223,13.74628],[100.57235,13.74627],[100.57245,13.74625],[100.5728,13.74618],[100.57283,13.74617],[100.5729,13.74614],[100.5732,13.74607],[100.57333,13.74603],[100.57347,13.74599],[100.57375,13.74591],[100.57381,13.7459],[100.57396,13.74585],[100.57409,13.74581],[100.5742,13.74578],[100.57471,13.74568],[100.57505,13.74563],[100.57544,13.7456],[100.57551,13.74559],[100.57597,13.74552],[100.57609,13.74549],[100.57672,13.74534],[100.57693,13.74529],[100.57715,13.74524],[100.57742,13.74518],[100.57822,13.74505],[100.57879,13.74494],[100.57932,13.74484],[100.57958,13.74479],[100.57974,13.74475],[100.58046,13.74459],[100.58062,13.74455],[100.5809,13.74448],[100.58091,13.74448],[100.5812,13.7444],[100.58153,13.74432],[100.58171,13.74428],[100.58176,13.74427],[100.58178,13.74427],[100.58182,13.74426],[100.58202,13.74421],[100.58211,13.74418],[100.58215,13.74417],[100.58217,13.74417],[100.58218,13.74416],[100.58224,13.74415],[100.58228,13.74414],[100.58231,13.74413],[100.58234,13.74412],[100.58236,13.74411],[100.58259,13.74405],[100.58264,13.74404],[100.58269,13.74402],[100.58304,13.7439],[100.58336,13.74382],[100.58344,13.7438],[100.58347,13.74379],[100.58355,13.74377],[100.58366,13.74375],[100.58378,13.74372],[100.58386,13.7437],[100.58388,13.7437],[100.58397,13.74367],[100.58428,13.74361],[100.58436,13.74359],[100.58458,13.74354],[100.58462,13.74353],[100.58464,13.74352],[100.58465,13.74352],[100.58527,13.74338],[100.58557,13.74331],[100.58582,13.74325],[100.58599,13.74322],[100.58617,13.74317],[100.58629,13.74315],[100.58635,13.74314],[100.58646,13.74312],[100.5868,13.74307],[100.58701,13.74305],[100.58708,13.74304],[100.58723,13.74302],[100.58732,13.74301],[100.58763,13.74295],[100.58783,13.74292],[100.58804,13.74287],[100.58831,13.7428],[100.5884,13.74277],[100.58843,13.74277],[100.58846,13.74276],[100.5885,13.74275],[100.58854,13.74274],[100.5886,13.74273],[100.58862,13.74273],[100.58867,13.74272],[100.58873,13.7427],[100.58878,13.74269],[100.5888,13.74269],[100.58923,13.7426],[100.59003,13.74247],[100.5903,13.74242],[100.59097,13.74229],[100.59182,13.74212],[100.59243,13.742],[100.59347,13.7418],[100.59388,13.74174],[100.59496,13.74157],[100.59557,13.74143],[100.5963,13.74129],[100.59732,13.74114],[100.59761,13.74115],[100.59766,13.74115],[100.59767,13.74116],[100.5977,13.74117],[100.59778,13.74121],[100.59815,13.74114],[100.5983,13.74155],[100.59895,13.74331],[100.59898,13.74341],[100.59933,13.74423],[100.59944,13.74458],[100.59969,13.74529],[100.59991,13.74603],[100.59999,13.74631],[100.60005,13.74653],[100.60022,13.74706],[100.60029,13.74717],[100.60041,13.74735],[100.60051,13.74747],[100.6007,13.74766],[100.60072,13.74768],[100.60074,13.74769],[100.60077,13.74771],[100.60078,13.74772],[100.6008,13.74774],[100.60099,13.7479],[100.60103,13.74793],[100.60114,13.748],[100.60125,13.74809],[100.60127,13.74805],[100.60128,13.74804],[100.60135,13.748],[100.6017,13.74782],[100.60204,13.74767],[100.60224,13.74758],[100.60267,13.74736],[100.60284,13.74728],[100.60359,13.74697],[100.60364,13.74694],[100.60377,13.74689],[100.60412,13.74676],[100.60426,13.74669],[100.60456,13.74655],[100.60489,13.74635],[100.60525,13.74614],[100.60611,13.74579],[100.60637,13.74566],[100.60676,13.74545],[100.60724,13.74522],[100.6074,13.74514],[100.60749,13.74508],[100.60757,13.74504],[100.60774,13.74497],[100.6079,13.74489],[100.60843,13.74468],[100.60901,13.74444],[100.60957,13.7442],[100.61001,13.74405],[100.61033,13.74389],[100.61037,13.74387],[100.61052,13.74382],[100.61077,13.74381],[100.61079,13.74381],[100.61087,13.74382],[100.61099,13.74382],[100.61107,13.74383],[100.61109,13.74383],[100.61131,13.74385],[100.61142,13.74386],[100.61148,13.74387],[100.61159,13.74388],[100.6116,13.74389],[100.61181,13.74391],[100.61193,13.74392],[100.61205,13.74396],[100.61222,13.744],[100.61295,13.74424],[100.61317,13.74428],[100.61324,13.74429],[100.61347,13.74432],[100.61374,13.74437],[100.61454,13.74454],[100.6149,13.74464],[100.61512,13.74472],[100.61534,13.74478],[100.61559,13.74485],[100.6158,13.74492],[100.61703,13.74527],[100.61729,13.74535],[100.61784,13.74545],[100.61794,13.74547],[100.61867,13.74567],[100.61872,13.74568],[100.61918,13.74583],[100.61945,13.74591],[100.61974,13.74601],[100.61991,13.74607],[100.62,13.74608],[100.62025,13.74611],[100.6204,13.74613],[100.62055,13.74617],[100.62092,13.74626],[100.62145,13.74638],[100.62221,13.74652],[100.62246,13.74658],[100.62266,13.74664],[100.6235,13.74688],[100.62362,13.74692],[100.62376,13.74694],[100.62382,13.74695],[100.62411,13.74706],[100.62478,13.74726],[100.6252,13.74739],[100.62567,13.74748],[100.62684,13.74767],[100.62758,13.7479],[100.62792,13.74796],[100.62813,13.748],[100.62853,13.74814],[100.62884,13.74822],[100.62897,13.74826],[100.62915,13.7483],[100.62946,13.74837],[100.62951,13.74838],[100.62964,13.74841],[100.63016,13.74853],[100.63064,13.74862],[100.63104,13.74872],[100.63124,13.74879],[100.63132,13.74882],[100.63135,13.74884],[100.63139,13.74885],[100.63161,13.74895],[100.63306,13.74937],[100.63319,13.74942],[100.6335,13.74949],[100.63363,13.74951],[100.63395,13.74958],[100.63412,13.74964],[100.63468,13.74982],[100.63516,13.74995],[100.63542,13.75003],[100.63567,13.75011],[100.6357,13.75012],[100.63581,13.75012],[100.63591,13.75009],[100.63626,13.74999],[100.63675,13.74976],[100.63696,13.74967],[100.63707,13.74965],[100.63744,13.74961],[100.63793,13.74957],[100.63807,13.74955],[100.63867,13.74941],[100.63895,13.74931],[100.63926,13.74915],[100.63959,13.74894],[100.63983,13.74878],[100.63987,13.74875],[100.6399,13.74873],[100.64027,13.74839],[100.64049,13.74818],[100.64072,13.74797],[100.64074,13.74794],[100.64078,13.74792],[100.64189,13.74736],[100.64279,13.74692],[100.64309,13.74676],[100.64321,13.74672],[100.64322,13.74672],[100.64349,13.74662],[100.64354,13.74661],[100.64381,13.74656],[100.644,13.74653],[100.64415,13.74651],[100.64426,13.74651],[100.64444,13.74653],[100.64472,13.74655],[100.64481,13.74657],[100.64483,13.74657],[100.64486,13.74658],[100.64514,13.74658],[100.64532,13.74655],[100.64541,13.74653],[100.64556,13.74645],[100.64573,13.74632],[100.64618,13.74594],[100.64644,13.74572],[100.64658,13.7456],[100.64714,13.74512],[100.64718,13.74509],[100.64783,13.74466],[100.64797,13.74462],[100.64806,13.7446],[100.64809,13.74451],[100.64817,13.74443],[100.6483,13.7443],[100.64838,13.74422],[100.64847,13.74415],[100.64851,13.74411],[100.64855,13.74407],[100.64855,13.74399],[100.64855,13.74396],[100.64855,13.74389],[100.64853,13.74342],[100.64851,13.74335],[100.6485,13.74334],[100.64848,13.7433],[100.64843,13.74322],[100.64829,13.74306],[100.64823,13.74299],[100.64804,13.74284],[100.64786,13.74275],[100.64761,13.74269],[100.64748,13.74263],[100.64839,13.74196],[100.64861,13.74182],[100.64899,13.74165],[100.64914,13.74159],[100.64969,13.74141],[100.6513,13.7409],[100.65176,13.74077],[100.65202,13.74067],[100.65308,13.74031],[100.65876,13.73842],[100.6589,13.73841],[100.659,13.73839],[100.65909,13.73839],[100.65916,13.73841],[100.65925,13.73845],[100.65973,13.73876],[100.66058,13.73908],[100.66118,13.73932],[100.66138,13.7394],[100.66153,13.73945],[100.66159,13.73948],[100.66163,13.73949],[100.66183,13.73958],[100.66215,13.73976],[100.66228,13.73988],[100.66242,13.73999],[100.66254,13.74006],[100.66264,13.7401],[100.66277,13.74015],[100.66288,13.74019],[100.66297,13.7402],[100.6631,13.7402],[100.66327,13.74022],[100.66333,13.74023],[100.66338,13.74063],[100.66341,13.74084],[100.66335,13.74105],[100.66326,13.74125],[100.66317,13.74144],[100.66308,13.74161],[100.66307,13.74164],[100.66303,13.74176],[100.66301,13.74189],[100.66301,13.74208],[100.66303,13.74221],[100.66308,13.74228],[100.66318,13.74243],[100.66342,13.74278],[100.66352,13.7429],[100.66358,13.74293],[100.66362,13.74294],[100.66366,13.74295],[100.66414,13.74297],[100.66419,13.74298],[100.66423,13.743],[100.66429,13.74303],[100.66436,13.74307],[100.66446,13.74316],[100.6645,13.74321],[100.66453,13.74327],[100.66455,13.74341],[100.66457,13.74348],[100.6646,13.74358],[100.66466,13.74383],[100.66471,13.744],[100.66488,13.74443],[100.66495,13.74466],[100.66504,13.74489],[100.66511,13.74513],[100.66519,13.74538],[100.66522,13.74551],[100.66528,13.74572],[100.66532,13.74587],[100.66535,13.74596],[100.66535,13.74598],[100.66547,13.74612],[100.66559,13.74629],[100.66574,13.74643],[100.66593,13.74668],[100.66595,13.7467],[100.666,13.74676],[100.66623,13.74698],[100.66632,13.74705],[100.66644,13.74709],[100.66655,13.74713],[100.66689,13.74725],[100.6673,13.7474],[100.66769,13.74751],[100.66788,13.74759],[100.66791,13.74761],[100.66795,13.74763],[100.66814,13.74773],[100.66817,13.74774],[100.66824,13.74775],[100.66851,13.7478],[100.66891,13.74784],[100.66934,13.74784],[100.66991,13.74782],[100.67005,13.74782],[100.67021,13.74782],[100.67028,13.74783],[100.67051,13.74792],[100.67064,13.748],[100.67084,13.7482],[100.67091,13.74837],[100.67097,13.7485],[100.671,13.74853],[100.67105,13.74857],[100.67127,13.74876],[100.67176,13.74918],[100.67183,13.74924],[100.67185,13.74925],[100.67189,13.74928],[100.672,13.74935],[100.67207,13.74939],[100.67221,13.74946],[100.67226,13.74949],[100.67242,13.74952],[100.67253,13.74952],[100.6726,13.74953],[100.67263,13.74952],[100.67266,13.74952],[100.67275,13.74951],[100.67278,13.7495],[100.67282,13.7495],[100.67296,13.74944],[100.6732,13.74935],[100.67335,13.74928],[100.67376,13.7491],[100.67413,13.74893],[100.67436,13.74884],[100.67457,13.74877],[100.67484,13.74867],[100.67501,13.74864],[100.67511,13.74864],[100.67517,13.74864],[100.67529,13.74865],[100.67539,13.74865],[100.67542,13.74865],[100.67545,13.74865],[100.67554,13.74867],[100.67567,13.74871],[100.67574,13.74873],[100.67579,13.74873],[100.67581,13.74873],[100.67586,13.74873],[100.67592,13.74873],[100.67594,13.74873],[100.67597,13.74874],[100.67612,13.74878],[100.67621,13.7488],[100.67644,13.74885],[100.67666,13.74894],[100.67667,13.74895],[100.67669,13.74895],[100.67671,13.74896],[100.67683,13.749],[100.67701,13.74906],[100.67732,13.74919],[100.67736,13.74921],[100.67749,13.74931],[100.67756,13.7494],[100.67761,13.74946],[100.67767,13.74956],[100.67776,13.74974],[100.67798,13.75017],[100.67805,13.7504],[100.67818,13.75069],[100.67838,13.75101],[100.67863,13.7514],[100.67877,13.75168],[100.67886,13.75202],[100.67889,13.7521],[100.6788,13.75213],[100.67842,13.75226],[100.67808,13.7524],[100.67778,13.75254],[100.6776,13.75263],[100.67738,13.7527],[100.67709,13.75283],[100.677,13.75288],[100.67688,13.75293],[100.67639,13.75314],[100.67567,13.75344],[100.67516,13.75367],[100.67499,13.75376],[100.6743,13.75407],[100.67379,13.7543],[100.67347,13.75444],[100.67343,13.75445],[100.67309,13.75456],[100.67288,13.75464],[100.67265,13.75474],[100.67255,13.75479],[100.67246,13.75482],[100.67226,13.75491],[100.67194,13.75508],[100.67183,13.75513],[100.67103,13.75552],[100.67047,13.75577],[100.67031,13.75585],[100.66986,13.75613],[100.66985,13.75614],[100.66979,13.7562],[100.66972,13.75628],[100.66968,13.75635],[100.66967,13.75637],[100.66967,13.7564],[100.66967,13.75644],[100.66967,13.75683],[100.66966,13.75735],[100.66965,13.75781],[100.66961,13.75894],[100.66955,13.75929],[100.66953,13.75949],[100.6695,13.7598],[100.66949,13.76011],[100.66949,13.7606],[100.66948,13.7607],[100.66946,13.76085],[100.66945,13.761],[100.66945,13.76106],[100.66947,13.76116],[100.66948,13.76131],[100.66947,13.76137],[100.66944,13.76146],[100.66942,13.76156],[100.66942,13.76164],[100.66942,13.76176],[100.66941,13.76193],[100.66941,13.76197],[100.66941,13.76204],[100.66939,13.76259],[100.66939,13.76265],[100.66938,13.76297],[100.66938,13.763],[100.66937,13.76334],[100.66935,13.76348],[100.66934,13.76354],[100.66933,13.76357],[100.66929,13.76363],[100.66928,13.76364],[100.66927,13.76367],[100.66926,13.76375],[100.66926,13.76381],[100.66927,13.76383],[100.66927,13.76396],[100.66927,13.76405],[100.66923,13.76411],[100.66919,13.76435],[100.66916,13.76454],[100.66908,13.76481],[100.66893,13.76552],[100.66888,13.76624],[100.6688,13.76662],[100.66878,13.76671],[100.66873,13.76684],[100.66865,13.76705],[100.66827,13.76791],[100.66787,13.76873],[100.6673,13.76988],[100.66705,13.77044],[100.66686,13.77083],[100.66657,13.77139],[100.66616,13.77225],[100.66575,13.77309],[100.66561,13.77341],[100.66555,13.77354],[100.66549,13.77364],[100.66529,13.77396],[100.66518,13.77423],[100.66503,13.77455],[100.66478,13.77511],[100.66474,13.7752],[100.66462,13.77537]]]},"properties":{"zone_id":"LP","zone_name":"ลาดพร้าว"}},
{"type":"Feature","geometry":{"type":"Polygon","coordinates":[[[100.51698,13.68268],[100.51758,13.6823],[100.5176,13.68229],[100.51848,13.68177],[100.51922,13.6813],[100.51993,13.68083],[100.52031,13.68052],[100.52092,13.6801],[100.52164,13.67947],[100.52236,13.67884],[100.52289,13.67834],[100.5234,13.67788],[100.52544,13.67614],[100.52609,13.67554],[100.52707,13.67467],[100.52808,13.67382],[100.52885,13.67319],[100.5291,13.67298],[100.52979,13.67244],[100.53015,13.67219],[100.53047,13.67196],[100.53081,13.67174],[100.53149,13.67132],[100.53218,13.67092],[100.53253,13.67073],[100.53294,13.67053],[100.53336,13.67033],[100.53378,13.67015],[100.53421,13.66998],[100.53464,13.66982],[100.53502,13.6697],[100.5354,13.66958],[100.53578,13.66947],[100.53655,13.66928],[100.53694,13.6692],[100.53733,13.66912],[100.53772,13.66906],[100.53812,13.66901],[100.53852,13.66897],[100.53892,13.66895],[100.53932,13.66894],[100.53971,13.66896],[100.54016,13.669],[100.5406,13.66908],[100.54103,13.66917],[100.54147,13.66928],[100.5419,13.66941],[100.54232,13.66955],[100.54268,13.66968],[100.54304,13.66983],[100.54339,13.66999],[100.54409,13.67032],[100.54443,13.6705],[100.54482,13.67071],[100.54519,13.67093],[100.54556,13.67116],[100.54592,13.6714],[100.54736,13.6726],[100.5487,13.67404],[100.54896,13.67438],[100.54922,13.67473],[100.5497,13.67543],[100.54996,13.67585],[100.55016,13.67615],[100.5503,13.6764],[100.55037,13.67652],[100.55058,13.6769],[100.55077,13.67729],[100.55094,13.6777],[100.55111,13.6781],[100.55116,13.67825],[100.5512,13.67836],[100.55126,13.67852],[100.5514,13.67893],[100.55152,13.67936],[100.55162,13.67977],[100.55172,13.68018],[100.5518,13.6806],[100.55195,13.68144],[100.55209,13.68228],[100.55221,13.68312],[100.55226,13.68354],[100.55236,13.68441],[100.55244,13.68528],[100.55251,13.68617],[100.55256,13.68707],[100.55258,13.68752],[100.55258,13.68796],[100.55257,13.6884],[100.55255,13.68884],[100.55249,13.68972],[100.55239,13.6906],[100.55233,13.69105],[100.5522,13.69194],[100.5518,13.69445],[100.55162,13.69566],[100.55154,13.69624],[100.55151,13.69647],[100.55142,13.69727],[100.55136,13.69806],[100.55134,13.69885],[100.55134,13.69924],[100.55136,13.69964],[100.5514,13.70008],[100.55146,13.70053],[100.55155,13.70097],[100.55167,13.70139],[100.5518,13.70181],[100.55196,13.70222],[100.55214,13.70262],[100.55234,13.703],[100.55254,13.70333],[100.55275,13.70365],[100.55298,13.70395],[100.5535,13.70451],[100.55451,13.70522],[100.55487,13.70548],[100.55433,13.71077],[100.55424,13.71171],[100.55422,13.71194],[100.55405,13.71378],[100.55384,13.71572],[100.55375,13.71654],[100.55338,13.71916],[100.55291,13.72277],[100.55255,13.72617],[100.55219,13.72958],[100.55184,13.73265],[100.55169,13.73413],[100.55154,13.73525],[100.55148,13.73578],[100.55126,13.7378],[100.55103,13.73991],[100.55081,13.74194],[100.5507,13.74285],[100.55064,13.74328],[100.55048,13.74477],[100.55039,13.74559],[100.5502,13.74723],[100.55013,13.74787],[100.55009,13.74827],[100.55008,13.7484],[100.55019,13.74839],[100.55123,13.74835],[100.55127,13.74835],[100.5513,13.74835],[100.55136,13.74836],[100.5514,13.74837],[100.55155,13.7484],[100.55165,13.7484],[100.55168,13.7484],[100.5517,13.7484],[100.55174,13.74841],[100.55191,13.7484],[100.55224,13.74839],[100.55237,13.7484],[100.55262,13.74838],[100.5531,13.74835],[100.55413,13.74829],[100.55417,13.74829],[100.55421,13.7483],[100.55425,13.7483],[100.55439,13.74833],[100.55441,13.74832],[100.55445,13.74832],[100.55451,13.74832],[100.5557,13.74832],[100.55579,13.74832],[100.55591,13.74832],[100.5568,13.74834],[100.55683,13.74834],[100.55691,13.74835],[100.55713,13.74837],[100.55739,13.7484],[100.55757,13.74841],[100.55784,13.74845],[100.5579,13.74846],[100.55798,13.74847],[100.55799,13.74847],[100.55803,13.74847],[100.55806,13.74847],[100.55809,13.74848],[100.55818,13.74848],[100.55845,13.7485],[100.5588,13.74852],[100.5589,13.74851],[100.55974,13.74844],[100.55992,13.74842],[100.55995,13.74842],[100.56036,13.74837],[100.5609,13.7483],[100.56275,13.74794],[100.56309,13.74791],[100.5633,13.74789],[100.56348,13.74864],[100.56393,13.7505],[100.56497,13.75513],[100.56492,13.75513],[100.56451,13.75525],[100.5642,13.75531],[100.56387,13.75537],[100.56386,13.75538],[100.56385,13.75538],[100.56282,13.75545],[100.56274,13.75546],[100.56272,13.75546],[100.56269,13.75546],[100.56268,13.75546],[100.56236,13.7555],[100.56223,13.75552],[100.56185,13.75552],[100.5614,13.75559],[100.56084,13.75565],[100.56075,13.75565],[100.56065,13.75565],[100.56048,13.75566],[100.56047,13.75566],[100.56042,13.75564],[100.56039,13.75563],[100.56028,13.75563],[100.56027,13.75563],[100.56021,13.75564],[100.5602,13.75564],[100.56016,13.75564],[100.56013,13.75565],[100.56008,13.75566],[100.56006,13.75566],[100.55978,13.7557],[100.55974,13.7557],[100.55966,13.75572],[100.55958,13.75573],[100.55935,13.75576],[100.55899,13.75579],[100.55876,13.7558],[100.55868,13.7558],[100.55862,13.7558],[100.55804,13.75579],[100.55799,13.75579],[100.55785,13.75577],[100.55733,13.75584],[100.55721,13.75586],[100.55719,13.75586],[100.55718,13.75586],[100.55699,13.75585],[100.55682,13.75584],[100.55621,13.75602],[100.55592,13.75606],[100.5558,13.75606],[100.55579,13.75606],[100.55543,13.75602],[100.55542,13.75602],[100.5554,13.75601],[100.55536,13.75601],[100.55532,13.75601],[100.55516,13.756],[100.55514,13.75601],[100.55509,13.75601],[100.55497,13.75604],[100.55491,13.75607],[100.55449,13.75612],[100.55445,13.75613],[100.55443,13.75613],[100.5543,13.75614],[100.55425,13.75613],[100.55404,13.75607],[100.55403,13.75607],[100.55399,13.75604],[100.55397,13.75602],[100.55392,13.75596],[100.5539,13.75594],[100.55387,13.75592],[100.55385,13.75591],[100.55382,13.7559],[100.55381,13.7559],[100.55377,13.7559],[100.55369,13.75591],[100.55359,13.75593],[100.55356,13.75594],[100.55354,13.75594],[100.55338,13.75599],[100.55328,13.75601],[100.55316,13.75605],[100.55308,13.75605],[100.553,13.75604],[100.55285,13.75602],[100.55273,13.75598],[100.55264,13.75597],[100.55255,13.75597],[100.55251,13.75597],[100.55247,13.75599],[100.55245,13.756],[100.55243,13.75602],[100.55241,13.75605],[100.55234,13.75622],[100.5521,13.75664],[100.55171,13.75702],[100.55165,13.75715],[100.55151,13.75743],[100.55151,13.75745],[100.55139,13.7576],[100.55124,13.75776],[100.55114,13.7579],[100.5511,13.75794],[100.55095,13.75814],[100.55081,13.7583],[100.55077,13.75835],[100.5507,13.75843],[100.55057,13.75855],[100.5504,13.75869],[100.5503,13.75874],[100.5501,13.75884],[100.54989,13.75891],[100.54959,13.75901],[100.54956,13.75903],[100.54953,13.75904],[100.54947,13.75907],[100.54944,13.75909],[100.54915,13.75919],[100.54858,13.75939],[100.54837,13.75949],[100.54822,13.75962],[100.54808,13.75969],[100.54796,13.75972],[100.54777,13.75973],[100.54741,13.75981],[100.54734,13.75988],[100.54733,13.76007],[100.54728,13.76033],[100.54726,13.76037],[100.54724,13.76042],[100.54722,13.76044],[100.54719,13.76046],[100.54713,13.7605],[100.5471,13.7605],[100.54705,13.7605],[100.54688,13.76048],[100.54661,13.76044],[100.54652,13.76045],[100.54642,13.76045],[100.54611,13.76056],[100.54606,13.7606],[100.54603,13.76063],[100.5459,13.76073],[100.54587,13.76078],[100.54586,13.76079],[100.54584,13.76081],[100.54582,13.76084],[100.54565,13.76115],[100.54549,13.76136],[100.54546,13.76138],[100.54542,13.76141],[100.54496,13.76159],[100.54468,13.76175],[100.54453,13.76185],[100.54395,13.76239],[100.54353,13.76265],[100.54343,13.76272],[100.54563,13.76335],[100.54691,13.76371],[100.547,13.76373],[100.54728,13.76376],[100.54766,13.76374],[100.54791,13.76368],[100.54834,13.76355],[100.5489,13.76483],[100.54938,13.76572],[100.54986,13.76642],[100.55001,13.76666],[100.55064,13.76788],[100.55082,13.76819],[100.5511,13.7687],[100.5517,13.76989],[100.55176,13.76999],[100.55188,13.77014],[100.55208,13.77045],[100.55216,13.7706],[100.55233,13.77094],[100.55257,13.77139],[100.55268,13.77157],[100.55281,13.77183],[100.55302,13.77221],[100.55309,13.77232],[100.55379,13.77345],[100.554,13.77388],[100.55454,13.77485],[100.55498,13.77562],[100.55569,13.77691],[100.55586,13.77722],[100.55638,13.77815],[100.55703,13.77932],[100.5573,13.7798],[100.55855,13.78204],[100.55866,13.78228],[100.55931,13.78347],[100.5595,13.78383],[100.55985,13.78443],[100.5599,13.78451],[100.56032,13.78526],[100.56098,13.78645],[100.56131,13.78706],[100.56138,13.78725],[100.56165,13.78808],[100.56189,13.78932],[100.56194,13.78977],[100.56198,13.79046],[100.56193,13.79146],[100.5619,13.79197],[100.56182,13.79271],[100.56182,13.79279],[100.56181,13.79281],[100.56177,13.79349],[100.56173,13.79389],[100.56167,13.7945],[100.56164,13.79478],[100.56163,13.79486],[100.56163,13.79496],[100.56181,13.79494],[100.56247,13.79491],[100.56302,13.7949],[100.56396,13.79483],[100.56485,13.79474],[100.56492,13.79473],[100.56496,13.79473],[100.56502,13.79473],[100.56515,13.79471],[100.5652,13.79471],[100.56527,13.7947],[100.56546,13.79468],[100.56596,13.7946],[100.56604,13.79461],[100.56609,13.79461],[100.56646,13.79468],[100.56689,13.79489],[100.56698,13.79494],[100.56697,13.79498],[100.567,13.79575],[100.56698,13.79631],[100.56698,13.79643],[100.56698,13.79659],[100.56698,13.79664],[100.56701,13.79684],[100.56706,13.79726],[100.56719,13.79854],[100.56723,13.79871],[100.56732,13.79894],[100.5674,13.79914],[100.5674,13.79916],[100.56741,13.79917],[100.56742,13.79918],[100.56747,13.7992],[100.56747,13.79928],[100.56749,13.79928],[100.56799,13.79931],[100.56877,13.79933],[100.56917,13.79936],[100.56958,13.7994],[100.5699,13.79946],[100.56997,13.79947],[100.57001,13.79948],[100.57016,13.79951],[100.5709,13.79963],[100.57132,13.79969],[100.57146,13.79971],[100.57155,13.79971],[100.57168,13.7997],[100.57196,13.79968],[100.572,13.79969],[100.57203,13.79969],[100.57205,13.7997],[100.57221,13.79979],[100.57238,13.7999],[100.57249,13.79998],[100.5725,13.79999],[100.57253,13.80001],[100.57256,13.80003],[100.57265,13.80008],[100.57268,13.8001],[100.5727,13.80011],[100.57279,13.80014],[100.57288,13.80016],[100.57317,13.80022],[100.57364,13.8003],[100.57372,13.80033],[100.57374,13.80034],[100.57375,13.80035],[100.57379,13.80037],[100.57408,13.80065],[100.57417,13.80074],[100.57422,13.80078],[100.57424,13.80079],[100.57431,13.80086],[100.57434,13.80087],[100.57436,13.80089],[100.57439,13.8009],[100.5745,13.80096],[100.57463,13.801],[100.57474,13.80103],[100.5749,13.80107],[100.57517,13.80122],[100.57526,13.80127],[100.57544,13.80137],[100.57551,13.8014],[100.57558,13.80141],[100.57571,13.80142],[100.57601,13.80142],[100.57606,13.80141],[100.57614,13.80141],[100.57618,13.8014],[100.57636,13.80135],[100.57639,13.80134],[100.57654,13.8013],[100.57665,13.80127],[100.57677,13.80123],[100.57686,13.8012],[100.57687,13.80119],[100.57689,13.80119],[100.57692,13.8012],[100.5773,13.80128],[100.57738,13.80129],[100.57829,13.80156],[100.57907,13.80173],[100.57926,13.80176],[100.57988,13.80186],[100.57992,13.80186],[100.5803,13.80186],[100.58031,13.80186],[100.58033,13.80186],[100.58036,13.80187],[100.5804,13.80188],[100.58042,13.80189],[100.58044,13.80189],[100.58045,13.8019],[100.58066,13.80197],[100.58068,13.80198],[100.58089,13.80213],[100.58092,13.80216],[100.58117,13.80239],[100.58141,13.80258],[100.58142,13.8026],[100.58152,13.80265],[100.58155,13.80267],[100.58158,13.80268],[100.58159,13.80269],[100.58161,13.80269],[100.58177,13.80274],[100.58183,13.80276],[100.58191,13.80279],[100.58193,13.80279],[100.58286,13.8029],[100.5831,13.80291],[100.58327,13.8029],[100.58371,13.80283],[100.584,13.80281],[100.58432,13.80279],[100.58485,13.80283],[100.58553,13.8029],[100.58563,13.80291],[100.58582,13.80293],[100.58585,13.80294],[100.58599,13.80295],[100.58639,13.80296],[100.58693,13.80298],[100.58702,13.80298],[100.58709,13.80299],[100.58714,13.80299],[100.58722,13.80299],[100.58728,13.803],[100.58797,13.8031],[100.58801,13.80311],[100.58804,13.80311],[100.58808,13.80311],[100.58812,13.80311],[100.58823,13.80308],[100.58834,13.80298],[100.58835,13.80302],[100.58837,13.8031],[100.58859,13.80375],[100.58877,13.80429],[100.5888,13.80442],[100.58881,13.80462],[100.58881,13.80463],[100.58877,13.8053],[100.58875,13.80554],[100.58875,13.80562],[100.58875,13.80568],[100.58879,13.80633],[100.5888,13.80659],[100.58881,13.80675],[100.58881,13.80692],[100.58882,13.80695],[100.58882,13.80714],[100.58882,13.80772],[100.58883,13.80776],[100.58883,13.80824],[100.58887,13.80864],[100.58895,13.80929],[100.58908,13.80989],[100.5891,13.81003],[100.58911,13.81012],[100.58913,13.81026],[100.58913,13.81041],[100.58913,13.81043],[100.58913,13.81049],[100.58909,13.81057],[100.58908,13.81058],[100.5889,13.81116],[100.58892,13.81116],[100.58893,13.81117],[100.58894,13.81118],[100.58895,13.81119],[100.58895,13.81121],[100.58895,13.81123],[100.58893,13.81131],[100.58883,13.81162],[100.5888,13.8117],[100.58879,13.81173],[100.58878,13.81173],[100.58877,13.81174],[100.58873,13.81177],[100.58872,13.81178],[100.58871,13.81179],[100.58871,13.8118],[100.5887,13.81182],[100.58869,13.81186],[100.58864,13.81211],[100.58861,13.81222],[100.58859,13.81236],[100.58858,13.81241],[100.58857,13.8125],[100.58858,13.81258],[100.58861,13.81268],[100.58881,13.81306],[100.58893,13.81342],[100.58897,13.81355],[100.58901,13.81372],[100.58902,13.81376],[100.58903,13.81381],[100.58904,13.81387],[100.58904,13.81401],[100.58904,13.81413],[100.58902,13.81451],[100.58903,13.81466],[100.58905,13.81504],[100.58906,13.81512],[100.58906,13.81515],[100.58907,13.81518],[100.58907,13.8152],[100.58909,13.81528],[100.5893,13.81575],[100.58932,13.81585],[100.5894,13.81626],[100.58946,13.81657],[100.58948,13.81663],[100.58948,13.81666],[100.5895,13.81681],[100.58952,13.817],[100.58952,13.81717],[100.58952,13.81731],[100.58952,13.8174],[100.58952,13.81746],[100.58952,13.8175],[100.58958,13.81792],[100.58959,13.81799],[100.5896,13.81806],[100.58947,13.81855],[100.58946,13.81858],[100.5893,13.8192],[100.58927,13.81941],[100.58926,13.81944],[100.58925,13.81956],[100.58924,13.81989],[100.58924,13.82],[100.58925,13.82001],[100.58927,13.82018],[100.58928,13.82021],[100.58929,13.82034],[100.58931,13.82045],[100.58931,13.82049],[100.58931,13.82051],[100.58931,13.82052],[100.58932,13.82067],[100.58932,13.82071],[100.58933,13.82102],[100.58935,13.82138],[100.58934,13.82147],[100.58935,13.8216],[100.58938,13.82179],[100.5894,13.82189],[100.5894,13.82191],[100.58939,13.82193],[100.58939,13.82194],[100.58939,13.82196],[100.58939,13.82211],[100.58939,13.82213],[100.58939,13.82232],[100.58939,13.82237],[100.58938,13.82245],[100.58938,13.82256],[100.58938,13.82264],[100.58938,13.82294],[100.58935,13.82308],[100.58934,13.82311],[100.58915,13.824],[100.58914,13.82405],[100.58914,13.82409],[100.58916,13.82418],[100.58916,13.82419],[100.58926,13.82463],[100.58942,13.82516],[100.58942,13.82518],[100.58954,13.82541],[100.58955,13.82546],[100.58956,13.82548],[100.58957,13.82551],[100.58962,13.82588],[100.58962,13.82589],[100.58968,13.82629],[100.58968,13.82633],[100.58969,13.82635],[100.58969,13.82637],[100.5897,13.82644],[100.58977,13.8269],[100.58976,13.82696],[100.58976,13.82703],[100.58976,13.82714],[100.58976,13.82722],[100.58975,13.8273],[100.58975,13.82739],[100.58975,13.82744],[100.58978,13.82766],[100.58978,13.8277],[100.5898,13.82786],[100.58985,13.82821],[100.58986,13.82828],[100.5899,13.82846],[100.58994,13.82873],[100.58998,13.82898],[100.58998,13.82902],[100.58998,13.82907],[100.58998,13.82909],[100.58998,13.82911],[100.58999,13.82921],[100.59,13.82954],[100.59001,13.82978],[100.59002,13.83006],[100.59002,13.83012],[100.59002,13.83023],[100.59001,13.8303],[100.58999,13.83041],[100.58998,13.83049],[100.58992,13.83071],[100.5899,13.8308],[100.58988,13.83096],[100.58985,13.83136],[100.58985,13.83171],[100.58986,13.83201],[100.58992,13.8323],[100.58995,13.83253],[100.58999,13.83281],[100.59,13.83286],[100.59,13.83289],[100.59,13.83291],[100.59001,13.83293],[100.59003,13.83311],[100.59005,13.83318],[100.59005,13.8332],[100.59008,13.83338],[100.5901,13.83347],[100.59012,13.83354],[100.59012,13.83357],[100.59019,13.8338],[100.59025,13.83398],[100.59036,13.83423],[100.59046,13.83456],[100.5907,13.8353],[100.59072,13.83537],[100.59079,13.83577],[100.59081,13.83582],[100.59095,13.83627],[100.59097,13.83634],[100.591,13.83642],[100.59102,13.83658],[100.59107,13.83696],[100.59107,13.83701],[100.5911,13.83722],[100.5911,13.8373],[100.59111,13.83736],[100.59112,13.83749],[100.59109,13.83784],[100.59107,13.83799],[100.59104,13.83828],[100.59102,13.83857],[100.59096,13.83886],[100.5909,13.83912],[100.59086,13.83928],[100.59083,13.83939],[100.59077,13.8396],[100.59077,13.83961],[100.59068,13.83991],[100.59062,13.84012],[100.59054,13.84043],[100.59045,13.8408],[100.59039,13.8411],[100.59031,13.84144],[100.59026,13.84176],[100.59007,13.84277],[100.5899,13.84376],[100.58989,13.84381],[100.58988,13.84388],[100.58987,13.84393],[100.58975,13.84427],[100.58957,13.84477],[100.58952,13.8449],[100.58926,13.84539],[100.58907,13.84583],[100.58903,13.84595],[100.58896,13.84627],[100.58892,13.84654],[100.58879,13.84724],[100.58878,13.8473],[100.58871,13.84768],[100.58859,13.84839],[100.58857,13.84851],[100.58855,13.84862],[100.58844,13.84924],[100.58833,13.84989],[100.58829,13.85007],[100.58805,13.85113],[100.58788,13.85156],[100.58777,13.85189],[100.58767,13.8523],[100.58767,13.85232],[100.58763,13.85296],[100.58763,13.85299],[100.58763,13.85303],[100.58761,13.85309],[100.58758,13.85311],[100.58758,13.85367],[100.58758,13.85385],[100.58758,13.85407],[100.58755,13.8548],[100.58755,13.85496],[100.58755,13.8551],[100.58756,13.85602],[100.58755,13.85639],[100.58753,13.85651],[100.58743,13.85687],[100.58736,13.85702],[100.58733,13.85709],[100.58729,13.85719],[100.58727,13.85723],[100.5872,13.85735],[100.58702,13.85764],[100.58701,13.85766],[100.58669,13.85833],[100.58656,13.85863],[100.58656,13.85881],[100.58656,13.85886],[100.58655,13.85889],[100.58655,13.85893],[100.58634,13.85894],[100.58628,13.85893],[100.58625,13.85891],[100.58624,13.8589],[100.58624,13.85883],[100.58573,13.85849],[100.58568,13.85847],[100.58561,13.85844],[100.58549,13.85842],[100.58526,13.8584],[100.5851,13.85837],[100.58444,13.85832],[100.58419,13.85829],[100.58393,13.85824],[100.58384,13.85822],[100.58379,13.8582],[100.58373,13.85817],[100.58372,13.85815],[100.58364,13.85807],[100.5836,13.85804],[100.58354,13.85801],[100.58345,13.85798],[100.58341,13.85798],[100.58334,13.85797],[100.58326,13.85796],[100.58285,13.85796],[100.58234,13.85795],[100.58216,13.85794],[100.58205,13.85794],[100.58203,13.85795],[100.58195,13.85798],[100.58166,13.85801],[100.58155,13.85801],[100.58127,13.85799],[100.58033,13.85784],[100.5803,13.85783],[100.57941,13.85773],[100.57919,13.85771],[100.57875,13.85767],[100.57827,13.85759],[100.57763,13.8575],[100.57737,13.85746],[100.57714,13.85748],[100.57704,13.85749],[100.57595,13.85744],[100.57581,13.85742],[100.57578,13.85741],[100.57482,13.85713],[100.57474,13.85711],[100.57465,13.85708],[100.57405,13.857],[100.57374,13.85703],[100.57361,13.857],[100.57348,13.85697],[100.57323,13.85692],[100.57316,13.8569],[100.57305,13.85685],[100.57261,13.85668],[100.57238,13.85663],[100.57177,13.85656],[100.5715,13.85653],[100.57129,13.85649],[100.57118,13.85646],[100.57079,13.85641],[100.57066,13.85639],[100.57011,13.85639],[100.5693,13.85643],[100.56916,13.85644],[100.56901,13.85643],[100.56878,13.85639],[100.56814,13.85622],[100.56808,13.85621],[100.56759,13.85614],[100.56751,13.85612],[100.56744,13.85607],[100.56739,13.85606],[100.56699,13.85599],[100.56675,13.85598],[100.56664,13.85595],[100.56653,13.85589],[100.56634,13.85583],[100.56626,13.85581],[100.56545,13.8556],[100.56512,13.85551],[100.56463,13.8554],[100.5642,13.85534],[100.56418,13.85533],[100.56392,13.85529],[100.56389,13.85528],[100.56387,13.85527],[100.56385,13.85526],[100.56381,13.85524],[100.56379,13.85523],[100.56374,13.8552],[100.56371,13.85518],[100.56367,13.85518],[100.56365,13.85517],[100.56359,13.85517],[100.56355,13.85518],[100.56353,13.85518],[100.56351,13.85518],[100.56345,13.85521],[100.56341,13.85511],[100.56326,13.85512],[100.56312,13.85513],[100.563,13.85513],[100.56291,13.85513],[100.56281,13.85512],[100.56261,13.85509],[100.56209,13.85498],[100.56175,13.8549],[100.56159,13.85485],[100.56144,13.85482],[100.56129,13.85478],[100.56085,13.85469],[100.56082,13.85469],[100.56074,13.85467],[100.56057,13.85463],[100.55998,13.85452],[100.55985,13.8545],[100.55917,13.85436],[100.55842,13.85424],[100.5579,13.85413],[100.55761,13.85405],[100.55702,13.8539],[100.55652,13.85374],[100.55639,13.85369],[100.55604,13.85358],[100.55548,13.8534],[100.5544,13.85305],[100.554,13.85296],[100.55392,13.85294],[100.55278,13.85268],[100.55267,13.85265],[100.55208,13.85238],[100.55196,13.85235],[100.55185,13.85233],[100.5516,13.85226],[100.55119,13.85215],[100.55074,13.852],[100.55065,13.85198],[100.54995,13.85175],[100.5491,13.85144],[100.54907,13.85142],[100.54873,13.85133],[100.54839,13.85121],[100.54808,13.85113],[100.54763,13.851],[100.54692,13.85077],[100.54612,13.85052],[100.54532,13.85025],[100.54491,13.85014],[100.54427,13.84999],[100.54392,13.84985],[100.54363,13.84963],[100.54322,13.8494],[100.5432,13.84939],[100.54318,13.84937],[100.54314,13.84936],[100.54301,13.84931],[100.54273,13.84922],[100.5425,13.84913],[100.54221,13.84898],[100.54194,13.84889],[100.54173,13.84882],[100.54171,13.84881],[100.54162,13.84878],[100.54152,13.84874],[100.54109,13.84855],[100.54059,13.8483],[100.54018,13.84811],[100.53961,13.84786],[100.53906,13.84761],[100.53873,13.84747],[100.53844,13.84736],[100.53832,13.84731],[100.53828,13.84729],[100.53825,13.84728],[100.53818,13.84724],[100.53817,13.84724],[100.53806,13.84716],[100.53794,13.84706],[100.53778,13.84691],[100.53748,13.84666],[100.53735,13.84661],[100.53716,13.84654],[100.53714,13.84654],[100.53707,13.84651],[100.53691,13.84645],[100.53663,13.84633],[100.5364,13.84624],[100.53632,13.84621],[100.53615,13.84615],[100.53597,13.84604],[100.53578,13.84586],[100.53564,13.84574],[100.53551,13.84562],[100.53542,13.84553],[100.53536,13.84547],[100.53523,13.84532],[100.53518,13.84526],[100.53505,13.84513],[100.53478,13.8449],[100.53465,13.84481],[100.53456,13.84475],[100.53453,13.84473],[100.53438,13.84463],[100.53426,13.84455],[100.53412,13.84444],[100.53406,13.84439],[100.53385,13.8442],[100.53377,13.84412],[100.53356,13.84388],[100.5335,13.84382],[100.53348,13.84378],[100.53328,13.8435],[100.53281,13.84324],[100.53268,13.84314],[100.53254,13.84295],[100.5325,13.84291],[100.5323,13.84273],[100.53219,13.84262],[100.53211,13.84254],[100.53186,13.84223],[100.53161,13.84207],[100.53124,13.84188],[100.53109,13.84175],[100.53079,13.84146],[100.53076,13.84143],[100.53025,13.84094],[100.53014,13.84087],[100.53008,13.84083],[100.53001,13.84076],[100.52979,13.84049],[100.52926,13.84002],[100.52881,13.83961],[100.52856,13.8394],[100.52841,13.83927],[100.52825,13.83912],[100.52817,13.83904],[100.52785,13.83877],[100.52761,13.83855],[100.52718,13.83814],[100.5269,13.83788],[100.52667,13.83771],[100.52644,13.83753],[100.52635,13.83746],[100.52622,13.83736],[100.52614,13.8373],[100.52601,13.8372],[100.52594,13.83713],[100.52593,13.83712],[100.52589,13.83708],[100.52583,13.83702],[100.5257,13.83692],[100.52562,13.83686],[100.52547,13.83676],[100.52537,13.83668],[100.52536,13.83668],[100.52535,13.83667],[100.52522,13.83656],[100.52513,13.83647],[100.52509,13.83644],[100.52499,13.83634],[100.52482,13.83618],[100.52467,13.83602],[100.52447,13.83586],[100.52429,13.83572],[100.524,13.83553],[100.52385,13.83542],[100.52369,13.83528],[100.52359,13.83518],[100.52347,13.83504],[100.52335,13.83486],[100.5233,13.83481],[100.52322,13.83476],[100.52304,13.83465],[100.52296,13.83461],[100.52291,13.83458],[100.52287,13.83454],[100.52286,13.83453],[100.52283,13.8345],[100.52271,13.83433],[100.52266,13.83427],[100.52257,13.83415],[100.5225,13.83407],[100.52236,13.83394],[100.52207,13.8337],[100.52194,13.83359],[100.52184,13.83351],[100.52182,13.83349],[100.52157,13.83326],[100.52135,13.83307],[100.52131,13.83303],[100.52128,13.833],[100.521,13.83278],[100.52079,13.83259],[100.5205,13.83229],[100.52049,13.83228],[100.52048,13.83227],[100.52027,13.83208],[100.51987,13.83175],[100.51962,13.83157],[100.51941,13.83137],[100.51907,13.83104],[100.51882,13.83078],[100.51871,13.83066],[100.5186,13.8306],[100.5184,13.83047],[100.51828,13.83039],[100.51815,13.8303],[100.5179,13.83011],[100.51771,13.82998],[100.51766,13.82993],[100.5176,13.82988],[100.51755,13.82983],[100.51749,13.82977],[100.51739,13.82967],[100.51726,13.82954],[100.51711,13.82942],[100.51699,13.82931],[100.51689,13.82922],[100.51679,13.82914],[100.51666,13.82905],[100.51658,13.82899],[100.51618,13.82875],[100.516,13.82864],[100.51593,13.82859],[100.51589,13.82855],[100.51588,13.82853],[100.51586,13.82849],[100.51585,13.82848],[100.51584,13.82846],[100.51583,13.82842],[100.51582,13.82841],[100.51581,13.82834],[100.5158,13.82826],[100.5158,13.82812],[100.51581,13.82775],[100.51579,13.82764],[100.51577,13.82757],[100.51573,13.82749],[100.51565,13.82737],[100.51551,13.8272],[100.51537,13.82707],[100.51531,13.82702],[100.51524,13.82699],[100.51516,13.82696],[100.51511,13.82695],[100.51508,13.82694],[100.51503,13.82693],[100.51492,13.82691],[100.51478,13.82687],[100.51466,13.82683],[100.51458,13.8268],[100.51431,13.82668],[100.51407,13.82657],[100.51387,13.82648],[100.51371,13.82643],[100.51356,13.82639],[100.5135,13.82637],[100.51345,13.82634],[100.5134,13.82632],[100.51334,13.82626],[100.51326,13.82618],[100.51317,13.82609],[100.51313,13.82604],[100.51312,13.82599],[100.51312,13.82597],[100.51312,13.82593],[100.51311,13.82566],[100.51313,13.82528],[100.51313,13.82526],[100.51314,13.8251],[100.51315,13.82495],[100.51315,13.8249],[100.51315,13.82484],[100.51315,13.8248],[100.51313,13.82477],[100.51312,13.82475],[100.5131,13.82473],[100.51308,13.82472],[100.51304,13.82471],[100.51297,13.8247],[100.51288,13.8247],[100.51283,13.8247],[100.5128,13.82471],[100.51277,13.82473],[100.51275,13.82475],[100.51273,13.82477],[100.51269,13.82483],[100.51252,13.82514],[100.51236,13.82546],[100.51227,13.82563],[100.51222,13.82572],[100.51217,13.82582],[100.51216,13.82585],[100.51213,13.82589],[100.5121,13.82593],[100.51205,13.82597],[100.51202,13.82599],[100.51201,13.826],[100.51198,13.82602],[100.51194,13.82604],[100.5119,13.82606],[100.51183,13.82608],[100.51172,13.8261],[100.51169,13.8261],[100.51158,13.82612],[100.51155,13.82613],[100.51152,13.82613],[100.51144,13.82615],[100.5114,13.82615],[100.5113,13.82617],[100.51114,13.82619],[100.51113,13.8262],[100.5111,13.8262],[100.51106,13.8262],[100.51104,13.82619],[100.51101,13.82618],[100.51099,13.82616],[100.51097,13.82614],[100.51095,13.82611],[100.51093,13.82607],[100.51091,13.82602],[100.5109,13.82597],[100.51089,13.82586],[100.51087,13.82565],[100.51086,13.82548],[100.51084,13.82538],[100.51083,13.82534],[100.51081,13.8253],[100.51079,13.82527],[100.51076,13.82524],[100.51073,13.82522],[100.51071,13.82521],[100.51068,13.8252],[100.51064,13.82518],[100.5106,13.82518],[100.51056,13.82518],[100.51055,13.82518],[100.5105,13.82518],[100.51045,13.82519],[100.5104,13.82521],[100.51034,13.82523],[100.5103,13.82525],[100.51022,13.82528],[100.50993,13.82543],[100.50967,13.82555],[100.50948,13.82562],[100.50944,13.82563],[100.50942,13.82563],[100.50939,13.82562],[100.50938,13.82561],[100.50935,13.82559],[100.50929,13.82552],[100.50927,13.82548],[100.50924,13.82543],[100.50919,13.82533],[100.50918,13.82528],[100.50916,13.82521],[100.50916,13.82515],[100.50916,13.82512],[100.50918,13.82506],[100.50921,13.825],[100.50926,13.82489],[100.50927,13.82488],[100.50939,13.82472],[100.50941,13.82469],[100.50945,13.82464],[100.50946,13.82463],[100.50952,13.82459],[100.50956,13.82456],[100.50965,13.82453],[100.50978,13.82451],[100.50994,13.82448],[100.51002,13.82445],[100.51006,13.82444],[100.51009,13.82441],[100.51012,13.82439],[100.51013,13.82435],[100.51015,13.82432],[100.51015,13.82429],[100.51015,13.82427],[100.51014,13.82423],[100.51012,13.82419],[100.51006,13.8241],[100.50994,13.82394],[100.50982,13.82381],[100.50979,13.82377],[100.50976,13.82375],[100.50972,13.82372],[100.50968,13.8237],[100.50964,13.82368],[100.50962,13.82367],[100.5096,13.82366],[100.50954,13.82364],[100.50937,13.8236],[100.50925,13.82357],[100.50921,13.82356],[100.50907,13.82354],[100.50892,13.82351],[100.5089,13.8235],[100.50871,13.82346],[100.50864,13.82345],[100.50862,13.82344],[100.5086,13.82343],[100.50857,13.82341],[100.50854,13.82338],[100.50841,13.82325],[100.50833,13.82319],[100.50829,13.82315],[100.50823,13.82312],[100.50816,13.82308],[100.50808,13.82304],[100.50795,13.82299],[100.50784,13.82294],[100.50777,13.8229],[100.50772,13.82287],[100.50769,13.82284],[100.50766,13.82281],[100.50764,13.82278],[100.50764,13.82277],[100.50762,13.82273],[100.5076,13.82268],[100.50759,13.82264],[100.50758,13.82257],[100.50757,13.82256],[100.50757,13.82253],[100.50756,13.82246],[100.50756,13.82239],[100.50756,13.82232],[100.50756,13.82221],[100.50757,13.82219],[100.50757,13.82211],[100.50758,13.82181],[100.50758,13.8217],[100.50757,13.82164],[100.50755,13.82159],[100.5075,13.82153],[100.50745,13.82147],[100.50734,13.82138],[100.50724,13.82132],[100.5071,13.82119],[100.50707,13.82115],[100.50702,13.82104],[100.50699,13.82095],[100.5069,13.82064],[100.50683,13.82046],[100.50676,13.82028],[100.50671,13.82015],[100.50668,13.82007],[100.50665,13.82001],[100.50636,13.8195],[100.50633,13.81945],[100.50629,13.81934],[100.50629,13.81924],[100.50628,13.8192],[100.50628,13.81912],[100.5063,13.81893],[100.50637,13.81872],[100.50661,13.81808],[100.50693,13.8172],[100.50726,13.81638],[100.5074,13.81604],[100.5081,13.81588],[100.50893,13.81569],[100.5096,13.81551],[100.50973,13.81548],[100.51011,13.8154],[100.51044,13.81532],[100.51117,13.81509],[100.51197,13.81482],[100.51204,13.8148],[100.51208,13.81478],[100.51253,13.81463],[100.51307,13.81443],[100.51347,13.81428],[100.51401,13.81407],[100.5144,13.8139],[100.5147,13.81372],[100.51478,13.81366],[100.51489,13.81358],[100.51497,13.81352],[100.51516,13.81336],[100.51525,13.81327],[100.51584,13.81266],[100.51619,13.81217],[100.51652,13.81156],[100.51695,13.81058],[100.51722,13.80991],[100.51741,13.8092],[100.51749,13.80858],[100.51754,13.80791],[100.51762,13.80689],[100.51764,13.80604],[100.51767,13.80519],[100.5176,13.8044],[100.51746,13.80354],[100.51722,13.80254],[100.51695,13.80174],[100.5165,13.80036],[100.51592,13.79883],[100.51579,13.79843],[100.51553,13.79784],[100.51531,13.79739],[100.5145,13.79616],[100.51389,13.7953],[100.50836,13.789],[100.50561,13.78637],[100.50546,13.7862],[100.50526,13.78597],[100.50478,13.78533],[100.50434,13.78465],[100.50365,13.78358],[100.50231,13.78115],[100.49978,13.77461],[100.49904,13.77267],[100.49829,13.7711],[100.49768,13.76984],[100.49663,13.76809],[100.49535,13.76622],[100.495,13.76574],[100.49484,13.76556],[100.49437,13.76504],[100.49097,13.76193],[100.49084,13.76182],[100.49025,13.76119],[100.4897,13.76052],[100.48925,13.75981],[100.48924,13.7598],[100.48882,13.75903],[100.48839,13.75815],[100.48811,13.75743],[100.48794,13.75685],[100.48787,13.75646],[100.48781,13.75609],[100.48777,13.75578],[100.48773,13.75527],[100.48771,13.75494],[100.48769,13.75428],[100.48768,13.75345],[100.48764,13.75271],[100.4877,13.75183],[100.48778,13.75091],[100.48787,13.75015],[100.48798,13.74938],[100.48815,13.74867],[100.48827,13.74827],[100.4883,13.74821],[100.48864,13.74741],[100.48902,13.74664],[100.48985,13.7453],[100.49038,13.74445],[100.49161,13.74269],[100.49195,13.7422],[100.49197,13.74217],[100.49209,13.74203],[100.4923,13.7418],[100.49244,13.74167],[100.49312,13.74108],[100.49337,13.74085],[100.49344,13.7408],[100.49458,13.74021],[100.49558,13.73979],[100.49627,13.73959],[100.49765,13.73922],[100.4981,13.7391],[100.49872,13.73892],[100.49958,13.73869],[100.49981,13.73863],[100.5023,13.73808],[100.50304,13.7379],[100.50414,13.73763],[100.50493,13.73742],[100.50579,13.7372],[100.50654,13.73698],[100.50802,13.7362],[100.50912,13.73544],[100.50916,13.73541],[100.50984,13.73482],[100.51031,13.73407],[100.51062,13.73357],[100.51092,13.73309],[100.51132,13.7323],[100.51146,13.73198],[100.51162,13.73164],[100.51202,13.7304],[100.51213,13.73006],[100.5123,13.72939],[100.51271,13.72427],[100.51264,13.72216],[100.51262,13.72182],[100.5125,13.72111],[100.51229,13.72028],[100.51217,13.71985],[100.51203,13.71934],[100.51129,13.71734],[100.51092,13.71651],[100.51053,13.71581],[100.51037,13.71552],[100.51004,13.71501],[100.50971,13.71451],[100.50949,13.71417],[100.50817,13.71246],[100.50812,13.7124],[100.50778,13.71197],[100.50774,13.71192],[100.50747,13.71158],[100.50716,13.7112],[100.50688,13.71092],[100.5066,13.71062],[100.50633,13.7103],[100.50603,13.71007],[100.50567,13.70977],[100.50531,13.70947],[100.50483,13.70909],[100.50441,13.70876],[100.50386,13.70832],[100.50335,13.7079],[100.50277,13.70746],[100.50221,13.70711],[100.50186,13.70686],[100.5014,13.7066],[100.50076,13.70626],[100.5002,13.70595],[100.49967,13.70569],[100.49913,13.70539],[100.49864,13.70514],[100.49724,13.70439],[100.49662,13.70408],[100.49597,13.70374],[100.49521,13.7033],[100.49452,13.70284],[100.4939,13.70239],[100.49326,13.70188],[100.49276,13.70144],[100.49225,13.70088],[100.4922,13.70082],[100.49201,13.70061],[100.49157,13.70008],[100.49118,13.69958],[100.49091,13.69912],[100.49064,13.69865],[100.49044,13.69812],[100.49031,13.69767],[100.49021,13.69712],[100.49013,13.69649],[100.49,13.69526],[100.49015,13.69454],[100.49027,13.69413],[100.49072,13.69316],[100.49123,13.69234],[100.49182,13.69157],[100.49261,13.69076],[100.4936,13.68988],[100.4945,13.68915],[100.49516,13.68871],[100.49556,13.68849],[100.49625,13.68819],[100.49717,13.68782],[100.49813,13.68745],[100.49926,13.68707],[100.49992,13.68688],[100.50022,13.68679],[100.50135,13.68649],[100.50255,13.68621],[100.50362,13.68603],[100.50476,13.68586],[100.50577,13.68573],[100.50612,13.68569],[100.50688,13.68561],[100.50801,13.68547],[100.50899,13.68532],[100.51,13.68516],[100.51123,13.68495],[100.51194,13.6848],[100.51224,13.68474],[100.51244,13.68469],[100.51338,13.68438],[100.51422,13.68403],[100.51508,13.68365],[100.51611,13.68316],[100.51696,13.68269],[100.51698,13.68268]]]},"properties":{"zone_id":"SL","zone_name":"สีลม"}},
{"type":"Feature","geometry":{"type":"Polygon","coordinates":[[[100.5633,13.74789],[100.56309,13.74791],[100.56275,13.74794],[100.5609,13.7483],[100.56036,13.74837],[100.55995,13.74842],[100.55992,13.74842],[100.55974,13.74844],[100.5589,13.74851],[100.5588,13.74852],[100.55845,13.7485],[100.55818,13.74848],[100.55809,13.74848],[100.55806,13.74847],[100.55803,13.74847],[100.55799,13.74847],[100.55798,13.74847],[100.5579,13.74846],[100.55784,13.74845],[100.55757,13.74841],[100.55739,13.7484],[100.55713,13.74837],[100.55691,13.74835],[100.55683,13.74834],[100.5568,13.74834],[100.55591,13.74832],[100.55579,13.74832],[100.5557,13.74832],[100.55451,13.74832],[100.55445,13.74832],[100.55441,13.74832],[100.55439,13.74833],[100.55425,13.7483],[100.55421,13.7483],[100.55417,13.74829],[100.55413,13.74829],[100.5531,13.74835],[100.55262,13.74838],[100.55237,13.7484],[100.55224,13.74839],[100.55191,13.7484],[100.55174,13.74841],[100.5517,13.7484],[100.55168,13.7484],[100.55165,13.7484],[100.55155,13.7484],[100.5514,13.74837],[100.55136,13.74836],[100.5513,13.74835],[100.55127,13.74835],[100.55123,13.74835],[100.55019,13.74839],[100.55008,13.7484],[100.55009,13.74827],[100.55013,13.74787],[100.5502,13.74723],[100.55039,13.74559],[100.55048,13.74477],[100.55064,13.74328],[100.5507,13.74285],[100.55081,13.74194],[100.55103,13.73991],[100.55126,13.7378],[100.55148,13.73578],[100.55154,13.73525],[100.55169,13.73413],[100.55184,13.73265],[100.55219,13.72958],[100.55255,13.72617],[100.55291,13.72277],[100.55338,13.71916],[100.55375,13.71654],[100.55384,13.71572],[100.55405,13.71378],[100.55422,13.71194],[100.55424,13.71171],[100.55433,13.71077],[100.55487,13.70548],[100.55583,13.70581],[100.55626,13.70593],[100.55671,13.70604],[100.55716,13.70612],[100.55807,13.70623],[100.55851,13.70625],[100.55895,13.70625],[100.5594,13.70623],[100.55984,13.7062],[100.56028,13.70616],[100.56073,13.70612],[100.56117,13.70605],[100.56202,13.7059],[100.56245,13.70581],[100.5633,13.70561],[100.56391,13.70546],[100.56456,13.70529],[100.56541,13.70505],[100.56627,13.70479],[100.56713,13.70451],[100.56841,13.7041],[100.56968,13.70368],[100.57137,13.70308],[100.57218,13.70275],[100.57337,13.70223],[100.57506,13.70147],[100.57536,13.70133],[100.57654,13.70079],[100.57772,13.70022],[100.57888,13.69963],[100.57964,13.69922],[100.58001,13.699],[100.58037,13.69876],[100.5819,13.69768],[100.5821,13.69753],[100.58247,13.69724],[100.58281,13.69697],[100.58392,13.6961],[100.5847,13.69535],[100.585,13.69507],[100.5853,13.69478],[100.58537,13.69472],[100.58588,13.6942],[100.58643,13.6936],[100.5867,13.69329],[100.58695,13.69297],[100.5872,13.69265],[100.58744,13.6923],[100.58766,13.69194],[100.58788,13.69157],[100.58808,13.69119],[100.58827,13.69082],[100.58845,13.69043],[100.58861,13.69004],[100.58875,13.68965],[100.58888,13.68926],[100.58899,13.68886],[100.58909,13.68845],[100.58917,13.68805],[100.58924,13.68764],[100.5893,13.68727],[100.58933,13.6869],[100.58935,13.68653],[100.58936,13.68616],[100.58935,13.68578],[100.58931,13.68534],[100.58925,13.6849],[100.58917,13.68447],[100.58908,13.68408],[100.58898,13.68369],[100.58886,13.6833],[100.58877,13.68302],[100.58874,13.68291],[100.5886,13.68253],[100.58846,13.68214],[100.5883,13.68174],[100.58798,13.681],[100.58797,13.68096],[100.58761,13.6802],[100.58742,13.67982],[100.58722,13.67945],[100.58699,13.67906],[100.58675,13.67868],[100.58651,13.6783],[100.586,13.67755],[100.58583,13.67731],[100.58496,13.67608],[100.58415,13.67499],[100.58333,13.67393],[100.58192,13.67219],[100.58105,13.67116],[100.58076,13.67082],[100.58017,13.67016],[100.57946,13.66922],[100.58135,13.66804],[100.5821,13.66771],[100.58265,13.66749],[100.58291,13.66739],[100.58295,13.66737],[100.58388,13.66701],[100.58393,13.66699],[100.58514,13.66652],[100.58586,13.66625],[100.58695,13.66582],[100.5872,13.66572],[100.58768,13.66553],[100.58824,13.66531],[100.58906,13.665],[100.58963,13.66477],[100.59045,13.66445],[100.59162,13.664],[100.5921,13.66381],[100.59653,13.66215],[100.59632,13.66117],[100.59675,13.66105],[100.59673,13.66097],[100.59666,13.6607],[100.59666,13.66069],[100.5972,13.66054],[100.59777,13.66034],[100.59834,13.66007],[100.59846,13.66002],[100.59871,13.65993],[100.59901,13.65984],[100.59943,13.65971],[100.59997,13.65958],[100.60042,13.65947],[100.60044,13.65946],[100.60045,13.65945],[100.60046,13.65944],[100.60046,13.65942],[100.60045,13.65922],[100.60022,13.65825],[100.60023,13.65821],[100.60025,13.65819],[100.60029,13.65816],[100.60069,13.65801],[100.60044,13.65738],[100.60132,13.65703],[100.60281,13.65651],[100.60351,13.6584],[100.60534,13.65792],[100.60542,13.65812],[100.60547,13.65824],[100.60555,13.65845],[100.60556,13.65848],[100.60605,13.65823],[100.60635,13.65811],[100.60649,13.65805],[100.60679,13.65794],[100.60872,13.65721],[100.60821,13.65592],[100.61055,13.65498],[100.61392,13.65361],[100.61637,13.65268],[100.61784,13.65606],[100.61884,13.65572],[100.61863,13.6552],[100.61906,13.65503],[100.61936,13.65491],[100.61983,13.6547],[100.62016,13.6546],[100.62067,13.65446],[100.62092,13.65439],[100.62171,13.65409],[100.62224,13.65389],[100.62267,13.65377],[100.623,13.65368],[100.62355,13.65352],[100.62391,13.65336],[100.62414,13.65327],[100.62478,13.65306],[100.62611,13.65262],[100.62697,13.65233],[100.6276,13.65205],[100.62852,13.65165],[100.63089,13.65081],[100.63058,13.64976],[100.63049,13.64948],[100.63102,13.64934],[100.63234,13.64901],[100.63292,13.64884],[100.63406,13.64868],[100.63628,13.6485],[100.63646,13.64872],[100.63832,13.65127],[100.63886,13.652],[100.63958,13.65297],[100.63983,13.65332],[100.63985,13.65334],[100.63994,13.65346],[100.64076,13.65464],[100.64421,13.65379],[100.64481,13.65364],[100.64597,13.65337],[100.6485,13.65278],[100.64971,13.6525],[100.65004,13.65473],[100.65074,13.65951],[100.65074,13.65955],[100.65075,13.65958],[100.65075,13.65962],[100.65075,13.65966],[100.65075,13.6597],[100.65075,13.65975],[100.65075,13.65993],[100.65075,13.65999],[100.65076,13.66008],[100.65077,13.66017],[100.65078,13.66025],[100.65078,13.66029],[100.6508,13.66036],[100.65081,13.66043],[100.65082,13.66046],[100.65083,13.66049],[100.65085,13.66053],[100.65088,13.66061],[100.65089,13.66065],[100.65092,13.66072],[100.65095,13.6608],[100.65108,13.66105],[100.6511,13.66111],[100.65113,13.66116],[100.65118,13.66128],[100.65121,13.66135],[100.65127,13.66151],[100.65144,13.66192],[100.65154,13.66216],[100.65158,13.66229],[100.65165,13.66247],[100.65169,13.66258],[100.65172,13.66266],[100.65175,13.66275],[100.65177,13.66279],[100.6518,13.66284],[100.65181,13.66287],[100.65192,13.6631],[100.65197,13.66321],[100.652,13.66329],[100.65207,13.66345],[100.65208,13.66349],[100.65212,13.66357],[100.65215,13.66364],[100.65219,13.66373],[100.65222,13.6638],[100.65225,13.66387],[100.65226,13.6639],[100.65227,13.66394],[100.65228,13.66398],[100.6523,13.66402],[100.65232,13.6641],[100.65233,13.66414],[100.65236,13.66427],[100.65239,13.6644],[100.65241,13.66448],[100.6525,13.66491],[100.65252,13.665],[100.65254,13.66508],[100.65259,13.6653],[100.65268,13.66564],[100.65271,13.66577],[100.65274,13.66585],[100.65275,13.6659],[100.65277,13.66594],[100.65279,13.666],[100.6528,13.66603],[100.65286,13.66616],[100.65289,13.66623],[100.6529,13.66627],[100.65293,13.66635],[100.65296,13.66643],[100.65301,13.6666],[100.65306,13.66677],[100.65308,13.66685],[100.6531,13.66689],[100.65314,13.66705],[100.65317,13.66718],[100.65321,13.66731],[100.65323,13.66739],[100.65325,13.66743],[100.65328,13.66752],[100.65333,13.66764],[100.65338,13.66775],[100.65348,13.66798],[100.65354,13.66811],[100.65357,13.66819],[100.65359,13.66823],[100.65359,13.66824],[100.6536,13.66827],[100.65361,13.66831],[100.65363,13.66835],[100.65365,13.66843],[100.65367,13.66851],[100.65371,13.66871],[100.65373,13.66879],[100.65374,13.66883],[100.65376,13.66887],[100.65376,13.66889],[100.65377,13.66891],[100.65378,13.66894],[100.65379,13.66898],[100.65387,13.66916],[100.65394,13.66933],[100.65397,13.66941],[100.65402,13.66951],[100.65405,13.66959],[100.65407,13.66962],[100.65411,13.66969],[100.65417,13.6698],[100.65423,13.66991],[100.65433,13.67009],[100.65437,13.67016],[100.6544,13.67022],[100.65442,13.67026],[100.65449,13.67042],[100.6545,13.67044],[100.65453,13.6705],[100.65457,13.67057],[100.65459,13.6706],[100.65466,13.67072],[100.6547,13.67079],[100.65474,13.67087],[100.65477,13.67094],[100.65479,13.67098],[100.65483,13.67105],[100.65492,13.67128],[100.65498,13.6714],[100.65502,13.67148],[100.65508,13.67163],[100.65517,13.67182],[100.65532,13.67212],[100.65537,13.67224],[100.65539,13.67226],[100.65541,13.67228],[100.65544,13.67229],[100.65547,13.67229],[100.6555,13.67229],[100.65564,13.67228],[100.65567,13.67228],[100.65569,13.67227],[100.6568,13.67186],[100.65699,13.67179],[100.65712,13.67174],[100.65721,13.67171],[100.65741,13.67163],[100.65753,13.67158],[100.65754,13.67157],[100.65756,13.67157],[100.65759,13.67154],[100.65765,13.67151],[100.65854,13.67096],[100.65859,13.67093],[100.65908,13.67063],[100.65917,13.67058],[100.65938,13.67044],[100.65952,13.67036],[100.65953,13.67035],[100.65963,13.67029],[100.65975,13.67022],[100.65983,13.67017],[100.65985,13.67016],[100.65987,13.67016],[100.65989,13.67016],[100.6599,13.67017],[100.65992,13.67018],[100.65999,13.67027],[100.66037,13.67079],[100.66041,13.67085],[100.66062,13.67115],[100.66067,13.67121],[100.66093,13.67156],[100.66102,13.67168],[100.66105,13.6717],[100.66107,13.67171],[100.6611,13.67171],[100.66112,13.67171],[100.66115,13.6717],[100.66119,13.67169],[100.6612,13.67168],[100.66132,13.67159],[100.66158,13.67142],[100.66161,13.6714],[100.66164,13.67138],[100.6618,13.67133],[100.66183,13.67133],[100.66187,13.67132],[100.66191,13.67132],[100.662,13.67134],[100.66212,13.67135],[100.66215,13.67135],[100.66218,13.67135],[100.66221,13.67134],[100.66225,13.67132],[100.66228,13.6713],[100.66233,13.67127],[100.66234,13.67127],[100.66296,13.67065],[100.66305,13.67057],[100.66308,13.67054],[100.6632,13.67044],[100.66327,13.67038],[100.66335,13.67033],[100.66347,13.67025],[100.66426,13.6698],[100.66438,13.66973],[100.66449,13.66966],[100.6646,13.6696],[100.66474,13.66951],[100.66589,13.66874],[100.666,13.66867],[100.66612,13.66859],[100.66624,13.66852],[100.66644,13.66841],[100.66649,13.66838],[100.66657,13.66833],[100.6667,13.66827],[100.66691,13.66817],[100.66683,13.66796],[100.66674,13.66775],[100.66664,13.66753],[100.66657,13.66736],[100.66648,13.66725],[100.66647,13.66721],[100.66904,13.6662],[100.66934,13.66609],[100.67108,13.66543],[100.67137,13.66532],[100.67185,13.66515],[100.67193,13.66512],[100.67217,13.66503],[100.67222,13.665],[100.67223,13.66499],[100.67225,13.66497],[100.67226,13.66495],[100.67226,13.66493],[100.67225,13.66487],[100.67224,13.66483],[100.67222,13.66462],[100.67222,13.66461],[100.67225,13.6646],[100.6723,13.66458],[100.67244,13.6645],[100.67247,13.66449],[100.67251,13.66447],[100.67258,13.66444],[100.67294,13.66427],[100.67302,13.66424],[100.6731,13.6642],[100.67314,13.66419],[100.67317,13.66417],[100.67325,13.66415],[100.67332,13.66413],[100.67336,13.66412],[100.67344,13.6641],[100.67373,13.66403],[100.67386,13.664],[100.67399,13.66398],[100.67428,13.66392],[100.67437,13.6639],[100.67445,13.66388],[100.67449,13.66387],[100.67454,13.66386],[100.67459,13.66384],[100.67467,13.66382],[100.67484,13.66375],[100.67506,13.66367],[100.67531,13.66358],[100.67556,13.66349],[100.6756,13.66347],[100.67565,13.66346],[100.67569,13.66344],[100.67572,13.66342],[100.67576,13.6634],[100.6758,13.66338],[100.67583,13.66335],[100.67587,13.66333],[100.6759,13.6633],[100.67593,13.66327],[100.67597,13.66323],[100.67599,13.66321],[100.67615,13.66304],[100.6762,13.66298],[100.67626,13.66292],[100.67643,13.66276],[100.67646,13.66272],[100.67659,13.6626],[100.67661,13.66257],[100.67669,13.6625],[100.67675,13.66244],[100.67682,13.66239],[100.67686,13.66236],[100.67689,13.66233],[100.67693,13.6623],[100.67696,13.66227],[100.677,13.66225],[100.67707,13.6622],[100.67714,13.66215],[100.67726,13.66208],[100.67741,13.66199],[100.67752,13.66193],[100.67766,13.66185],[100.67789,13.66172],[100.67804,13.66164],[100.67812,13.6616],[100.6782,13.66156],[100.67827,13.66152],[100.67839,13.66147],[100.67851,13.66141],[100.67858,13.66138],[100.67862,13.66136],[100.6787,13.66133],[100.67883,13.66129],[100.67895,13.66125],[100.67903,13.66122],[100.67911,13.66119],[100.67916,13.66118],[100.67924,13.66116],[100.67945,13.66111],[100.67954,13.66109],[100.67963,13.66107],[100.67976,13.66103],[100.67998,13.66096],[100.68145,13.66046],[100.68163,13.6604],[100.68204,13.66026],[100.6822,13.6602],[100.6825,13.6601],[100.68291,13.65996],[100.68317,13.65988],[100.68431,13.65952],[100.68576,13.65906],[100.68598,13.65899],[100.6867,13.65875],[100.68691,13.65868],[100.68704,13.65864],[100.68744,13.65852],[100.68757,13.65848],[100.6877,13.65844],[100.68808,13.65831],[100.68816,13.65829],[100.68824,13.65826],[100.68831,13.65824],[100.68839,13.65822],[100.68848,13.6582],[100.68861,13.65818],[100.68994,13.65791],[100.69114,13.65767],[100.69146,13.65761],[100.69173,13.65756],[100.69222,13.65747],[100.6928,13.65736],[100.6929,13.65735],[100.69294,13.65734],[100.69303,13.65732],[100.69354,13.65722],[100.69827,13.65633],[100.69834,13.65702],[100.69836,13.65724],[100.69838,13.65741],[100.6984,13.65773],[100.69842,13.65794],[100.69844,13.65806],[100.69845,13.65819],[100.69847,13.65836],[100.69849,13.65849],[100.69852,13.65866],[100.69852,13.65868],[100.6986,13.65914],[100.69863,13.65931],[100.69878,13.66027],[100.69882,13.66049],[100.69885,13.66067],[100.69888,13.6608],[100.69891,13.66093],[100.69894,13.66105],[100.69903,13.66139],[100.69905,13.66148],[100.69906,13.66153],[100.69908,13.66161],[100.6991,13.6617],[100.69912,13.66179],[100.69914,13.66187],[100.69917,13.66205],[100.69917,13.66206],[100.69919,13.66214],[100.6992,13.66222],[100.69922,13.6623],[100.69923,13.66234],[100.69926,13.66242],[100.69928,13.6625],[100.69931,13.66258],[100.69934,13.66269],[100.69935,13.66271],[100.69939,13.66283],[100.69944,13.66296],[100.69958,13.66333],[100.69962,13.66345],[100.69972,13.66372],[100.69976,13.66384],[100.69981,13.66397],[100.69986,13.66409],[100.69989,13.66417],[100.69991,13.66421],[100.69996,13.66431],[100.70001,13.66442],[100.70006,13.66449],[100.70029,13.6649],[100.70035,13.66501],[100.70048,13.66523],[100.70052,13.6653],[100.70056,13.66538],[100.7007,13.66564],[100.70077,13.66578],[100.70086,13.66593],[100.70102,13.66623],[100.70111,13.66638],[100.70114,13.66645],[100.7012,13.66657],[100.70145,13.66707],[100.70159,13.66735],[100.70164,13.66745],[100.70179,13.66775],[100.70182,13.66783],[100.70187,13.66791],[100.70191,13.66798],[100.70193,13.66802],[100.702,13.66812],[100.70207,13.66824],[100.70216,13.66838],[100.70223,13.66849],[100.70229,13.6686],[100.7024,13.6688],[100.70277,13.66947],[100.70288,13.66967],[100.70301,13.6699],[100.70312,13.67009],[100.70319,13.6702],[100.70325,13.67031],[100.70332,13.67042],[100.70346,13.67064],[100.70355,13.67078],[100.70362,13.67089],[100.70377,13.67112],[100.70384,13.67123],[100.70389,13.67131],[100.70393,13.67138],[100.70396,13.67145],[100.704,13.67152],[100.70403,13.67159],[100.70411,13.67178],[100.70415,13.67186],[100.70417,13.6719],[100.70421,13.67198],[100.70423,13.67203],[100.70435,13.67225],[100.70441,13.67237],[100.70448,13.67253],[100.70453,13.67264],[100.70457,13.67272],[100.70462,13.67285],[100.70466,13.67298],[100.70471,13.6731],[100.70476,13.67323],[100.7048,13.67335],[100.7049,13.67363],[100.70495,13.67379],[100.70498,13.67385],[100.70499,13.67388],[100.70512,13.67422],[100.70517,13.67435],[100.70517,13.67438],[100.70518,13.6744],[100.70518,13.67442],[100.70518,13.67445],[100.70517,13.67448],[100.70515,13.6745],[100.70514,13.67451],[100.70513,13.67452],[100.70511,13.67453],[100.70499,13.67458],[100.70469,13.6747],[100.70467,13.6747],[100.70465,13.67472],[100.70464,13.67474],[100.70462,13.67476],[100.70462,13.67479],[100.70462,13.6748],[100.70462,13.67484],[100.7047,13.67514],[100.70473,13.6753],[100.70477,13.67545],[100.70483,13.67571],[100.70497,13.67636],[100.70503,13.67666],[100.70546,13.6788],[100.70553,13.67879],[100.70613,13.67865],[100.70618,13.67864],[100.70629,13.67863],[100.70632,13.67863],[100.70641,13.67862],[100.70642,13.6787],[100.70645,13.67948],[100.70646,13.67954],[100.70647,13.67965],[100.70665,13.68092],[100.70679,13.68182],[100.70681,13.68196],[100.70691,13.68267],[100.707,13.68318],[100.70711,13.68378],[100.70725,13.68441],[100.70725,13.68445],[100.70725,13.68451],[100.70727,13.68463],[100.70732,13.68484],[100.70734,13.68489],[100.70741,13.68502],[100.70748,13.68517],[100.70765,13.68548],[100.70768,13.68553],[100.70771,13.68561],[100.70774,13.6857],[100.70787,13.68605],[100.7079,13.68615],[100.70798,13.68636],[100.70806,13.68654],[100.70814,13.68672],[100.70838,13.68715],[100.7084,13.68719],[100.70847,13.68739],[100.70849,13.68744],[100.70856,13.68761],[100.70858,13.68766],[100.70861,13.6877],[100.70866,13.68778],[100.70892,13.68826],[100.70895,13.68832],[100.70898,13.68838],[100.70927,13.68922],[100.70945,13.68974],[100.70955,13.69001],[100.70958,13.69011],[100.7096,13.69017],[100.70965,13.69029],[100.70981,13.69081],[100.70981,13.69084],[100.70985,13.69103],[100.70987,13.6913],[100.70997,13.69244],[100.71001,13.69303],[100.71007,13.69372],[100.71013,13.6945],[100.71015,13.69463],[100.7102,13.69512],[100.70999,13.69517],[100.71019,13.69636],[100.71029,13.69676],[100.71057,13.69844],[100.71082,13.69982],[100.71091,13.70019],[100.71109,13.7012],[100.71229,13.7012],[100.71231,13.7012],[100.71232,13.7012],[100.71233,13.7012],[100.71235,13.7012],[100.71237,13.70123],[100.71238,13.70124],[100.71238,13.70129],[100.71234,13.70152],[100.71224,13.7022],[100.71216,13.70285],[100.7121,13.70335],[100.71204,13.70368],[100.71199,13.70404],[100.71197,13.70415],[100.71164,13.70571],[100.71157,13.70604],[100.71156,13.70669],[100.71152,13.70703],[100.71146,13.70723],[100.71135,13.7078],[100.71132,13.70809],[100.71129,13.70825],[100.71108,13.70946],[100.71105,13.70966],[100.71102,13.70991],[100.71097,13.71032],[100.71093,13.71085],[100.7109,13.71111],[100.71086,13.71135],[100.71076,13.71209],[100.71066,13.71259],[100.71057,13.71299],[100.71047,13.71358],[100.71046,13.71388],[100.71042,13.7141],[100.71042,13.71413],[100.71039,13.71434],[100.71032,13.71488],[100.71024,13.71544],[100.71019,13.71564],[100.71011,13.71597],[100.71007,13.71621],[100.71003,13.71663],[100.70999,13.71678],[100.70977,13.71841],[100.70969,13.71899],[100.7094,13.72114],[100.70924,13.72186],[100.70896,13.72379],[100.70896,13.7241],[100.70892,13.72449],[100.70877,13.7261],[100.70871,13.72647],[100.70864,13.72704],[100.70853,13.72837],[100.70853,13.72852],[100.70852,13.72862],[100.70849,13.72908],[100.70848,13.72922],[100.70847,13.72935],[100.70845,13.72972],[100.70843,13.73009],[100.70843,13.7302],[100.70843,13.73075],[100.70843,13.7311],[100.70843,13.73115],[100.70843,13.73117],[100.7084,13.73128],[100.70835,13.73132],[100.70832,13.73139],[100.70833,13.73152],[100.70839,13.7325],[100.70842,13.73292],[100.70842,13.73294],[100.70842,13.7333],[100.70844,13.73355],[100.70845,13.73366],[100.70849,13.73402],[100.70853,13.73454],[100.70858,13.73499],[100.7086,13.73538],[100.70861,13.73552],[100.70862,13.73566],[100.70865,13.73603],[100.70866,13.7364],[100.70866,13.73665],[100.70869,13.737],[100.7087,13.7372],[100.70871,13.73765],[100.70871,13.73789],[100.70874,13.73812],[100.70878,13.73822],[100.70881,13.73836],[100.70885,13.73849],[100.70886,13.73864],[100.70885,13.73877],[100.70884,13.73892],[100.70881,13.73945],[100.70882,13.73963],[100.70884,13.73992],[100.70884,13.73999],[100.70885,13.74011],[100.70885,13.74016],[100.70885,13.74023],[100.70885,13.74037],[100.70886,13.74046],[100.70889,13.74083],[100.70894,13.74134],[100.70895,13.74159],[100.70897,13.74167],[100.70903,13.74281],[100.70903,13.74285],[100.70903,13.74293],[100.70903,13.743],[100.70903,13.7432],[100.70903,13.74331],[100.70903,13.74336],[100.70904,13.7434],[100.70904,13.74341],[100.7091,13.74392],[100.70912,13.74424],[100.70913,13.74438],[100.70915,13.74459],[100.70915,13.74469],[100.70918,13.74521],[100.7092,13.74568],[100.7092,13.74574],[100.7092,13.74609],[100.7092,13.74612],[100.70921,13.7465],[100.70921,13.74659],[100.70921,13.74663],[100.70924,13.74749],[100.70924,13.74772],[100.70924,13.74776],[100.70923,13.74787],[100.70923,13.74808],[100.70927,13.74845],[100.70932,13.74884],[100.70937,13.74949],[100.70937,13.74957],[100.70937,13.74987],[100.70943,13.75081],[100.70949,13.75157],[100.70955,13.7526],[100.70959,13.75292],[100.70962,13.75324],[100.70969,13.75416],[100.70969,13.75443],[100.7097,13.75459],[100.70972,13.75486],[100.70977,13.75514],[100.70979,13.75536],[100.70978,13.7557],[100.70979,13.75601],[100.70979,13.75614],[100.70981,13.75629],[100.70986,13.7564],[100.70982,13.7565],[100.70978,13.7565],[100.70967,13.75649],[100.70953,13.75649],[100.70911,13.75643],[100.70868,13.7564],[100.70838,13.75637],[100.70827,13.75639],[100.70815,13.7564],[100.70805,13.75643],[100.70798,13.75643],[100.70766,13.75648],[100.70732,13.75652],[100.7072,13.75657],[100.70701,13.75665],[100.70689,13.75669],[100.70664,13.75674],[100.70661,13.75676],[100.70661,13.75678],[100.70663,13.75688],[100.70672,13.75719],[100.7068,13.75741],[100.70691,13.7576],[100.70692,13.75762],[100.70699,13.75774],[100.70711,13.75793],[100.7072,13.75805],[100.70723,13.75811],[100.70724,13.75813],[100.70734,13.75827],[100.7076,13.75866],[100.70792,13.75906],[100.70831,13.75961],[100.70852,13.76001],[100.70875,13.76039],[100.70897,13.76072],[100.70899,13.76076],[100.70901,13.76078],[100.70902,13.7608],[100.70903,13.76082],[100.70909,13.76091],[100.70919,13.76106],[100.70925,13.76116],[100.70951,13.7615],[100.70955,13.76156],[100.7096,13.7616],[100.7098,13.76176],[100.71,13.76193],[100.71012,13.76204],[100.71016,13.76209],[100.71021,13.76215],[100.7103,13.76226],[100.71041,13.76241],[100.71043,13.76243],[100.71043,13.76244],[100.71051,13.76257],[100.71058,13.7627],[100.71059,13.76272],[100.71077,13.76306],[100.71078,13.76307],[100.71079,13.76309],[100.71098,13.76339],[100.71119,13.76373],[100.71141,13.76401],[100.71154,13.76416],[100.71164,13.76426],[100.71177,13.7644],[100.71179,13.76442],[100.71193,13.76456],[100.71199,13.76462],[100.712,13.76463],[100.71202,13.76465],[100.71204,13.76468],[100.71209,13.76473],[100.71212,13.76476],[100.71222,13.76487],[100.71223,13.76488],[100.71243,13.76512],[100.71247,13.76517],[100.7125,13.7652],[100.71251,13.76522],[100.71255,13.76528],[100.71264,13.76547],[100.71269,13.76559],[100.71275,13.76573],[100.71284,13.76605],[100.71284,13.76607],[100.71287,13.76612],[100.71297,13.76634],[100.71311,13.76669],[100.71314,13.76676],[100.71319,13.76684],[100.71328,13.76697],[100.71335,13.76709],[100.71339,13.76715],[100.7134,13.76716],[100.71344,13.76724],[100.71354,13.76742],[100.71381,13.76789],[100.71389,13.76804],[100.71392,13.76809],[100.71409,13.76838],[100.71411,13.76841],[100.71414,13.76848],[100.71424,13.76868],[100.7143,13.76878],[100.71439,13.76896],[100.71441,13.769],[100.71455,13.76926],[100.7146,13.76932],[100.71468,13.76943],[100.71469,13.76944],[100.7148,13.76957],[100.71486,13.76963],[100.71499,13.76979],[100.71503,13.76983],[100.71514,13.76996],[100.71527,13.77017],[100.71539,13.77038],[100.71547,13.77054],[100.7155,13.77059],[100.71561,13.7708],[100.71591,13.77138],[100.716,13.77155],[100.71608,13.77169],[100.71609,13.77171],[100.71616,13.7719],[100.71623,13.77207],[100.71624,13.7721],[100.71628,13.77226],[100.7163,13.77235],[100.71635,13.77254],[100.71636,13.77284],[100.71641,13.77341],[100.71644,13.77398],[100.71643,13.77435],[100.7166,13.77613],[100.71663,13.77622],[100.71666,13.77655],[100.71667,13.77687],[100.71668,13.77711],[100.71659,13.7775],[100.71646,13.77789],[100.71643,13.77797],[100.71644,13.77799],[100.7164,13.77811],[100.71623,13.77846],[100.71619,13.77854],[100.71606,13.77889],[100.71594,13.77919],[100.71586,13.77938],[100.71582,13.77949],[100.71567,13.77976],[100.71562,13.77992],[100.71558,13.78004],[100.71557,13.7803],[100.71554,13.78057],[100.71552,13.78066],[100.7155,13.78075],[100.71548,13.78087],[100.71545,13.78095],[100.71545,13.78098],[100.71544,13.78101],[100.71543,13.78103],[100.71542,13.78113],[100.71542,13.78126],[100.71541,13.78141],[100.71545,13.78166],[100.71527,13.78189],[100.71511,13.78239],[100.71472,13.78327],[100.71412,13.78432],[100.71349,13.7855],[100.71236,13.78747],[100.71201,13.7881],[100.71184,13.7884],[100.71162,13.78876],[100.71139,13.78916],[100.71134,13.78923],[100.71104,13.78973],[100.71091,13.78999],[100.71077,13.79027],[100.71071,13.7904],[100.71054,13.79074],[100.71036,13.79106],[100.71014,13.79139],[100.71001,13.79162],[100.70992,13.79177],[100.70929,13.7928],[100.70887,13.79353],[100.70863,13.79398],[100.70768,13.79566],[100.70765,13.79571],[100.70621,13.79811],[100.70608,13.79833],[100.70575,13.79813],[100.70496,13.79768],[100.70482,13.79761],[100.70197,13.79603],[100.70194,13.79601],[100.70191,13.796],[100.70173,13.79592],[100.70162,13.79587],[100.70155,13.79584],[100.7014,13.79578],[100.70104,13.79561],[100.70076,13.79544],[100.70051,13.79531],[100.70032,13.79521],[100.6999,13.79495],[100.6994,13.79463],[100.69928,13.79453],[100.69914,13.79442],[100.69859,13.79412],[100.69844,13.79404],[100.6982,13.79391],[100.69772,13.79364],[100.69699,13.79323],[100.69681,13.79314],[100.69674,13.7931],[100.69615,13.79281],[100.69607,13.79277],[100.6957,13.79259],[100.69478,13.79203],[100.69413,13.79168],[100.6937,13.79145],[100.69312,13.79111],[100.69275,13.79088],[100.69228,13.79067],[100.69201,13.79051],[100.69162,13.79031],[100.69138,13.79016],[100.69101,13.79],[100.69087,13.78993],[100.69079,13.78988],[100.69077,13.78987],[100.69073,13.78984],[100.69051,13.78969],[100.69043,13.78964],[100.6903,13.78956],[100.69018,13.78947],[100.69011,13.78942],[100.68972,13.78922],[100.68965,13.78914],[100.68958,13.7891],[100.68899,13.78877],[100.68831,13.78845],[100.68822,13.78841],[100.68779,13.78817],[100.68754,13.78803],[100.68722,13.78785],[100.68689,13.78768],[100.68639,13.78743],[100.6857,13.78707],[100.68505,13.78672],[100.68444,13.78639],[100.68373,13.78597],[100.68348,13.78582],[100.68339,13.78577],[100.6833,13.78573],[100.68297,13.78555],[100.68271,13.7854],[100.68257,13.78533],[100.68252,13.78531],[100.68228,13.78519],[100.68185,13.78495],[100.6815,13.78472],[100.68144,13.78467],[100.68132,13.78459],[100.68128,13.78456],[100.68111,13.78445],[100.68094,13.78438],[100.68057,13.78419],[100.68025,13.78403],[100.67992,13.78385],[100.67939,13.7835],[100.67891,13.78325],[100.6786,13.78311],[100.67841,13.78302],[100.67831,13.78297],[100.67824,13.78294],[100.67732,13.78242],[100.67705,13.78226],[100.67702,13.78224],[100.67678,13.7821],[100.67656,13.78195],[100.67644,13.78189],[100.67619,13.78174],[100.67598,13.78163],[100.67578,13.78152],[100.67537,13.78132],[100.67514,13.78121],[100.67329,13.78023],[100.67245,13.77974],[100.67232,13.77967],[100.67159,13.77925],[100.67157,13.77924],[100.67153,13.77921],[100.67142,13.77917],[100.67091,13.77892],[100.66965,13.77818],[100.66928,13.77797],[100.66917,13.7779],[100.66901,13.77781],[100.66899,13.7778],[100.66848,13.7775],[100.66836,13.77743],[100.66832,13.77741],[100.6683,13.7774],[100.66778,13.77717],[100.66722,13.77692],[100.66699,13.77677],[100.66682,13.77666],[100.66636,13.77638],[100.66549,13.77588],[100.66494,13.77558],[100.66462,13.77537],[100.66474,13.7752],[100.66478,13.77511],[100.66503,13.77455],[100.66518,13.77423],[100.66529,13.77396],[100.66549,13.77364],[100.66555,13.77354],[100.66561,13.77341],[100.66575,13.77309],[100.66616,13.77225],[100.66657,13.77139],[100.66686,13.77083],[100.66705,13.77044],[100.6673,13.76988],[100.66787,13.76873],[100.66827,13.76791],[100.66865,13.76705],[100.66873,13.76684],[100.66878,13.76671],[100.6688,13.76662],[100.66888,13.76624],[100.66893,13.76552],[100.66908,13.76481],[100.66916,13.76454],[100.66919,13.76435],[100.66923,13.76411],[100.66927,13.76405],[100.66927,13.76396],[100.66927,13.76383],[100.66926,13.76381],[100.66926,13.76375],[100.66927,13.76367],[100.66928,13.76364],[100.66929,13.76363],[100.66933,13.76357],[100.66934,13.76354],[100.66935,13.76348],[100.66937,13.76334],[100.66938,13.763],[100.66938,13.76297],[100.66939,13.76265],[100.66939,13.76259],[100.66941,13.76204],[100.66941,13.76197],[100.66941,13.76193],[100.66942,13.76176],[100.66942,13.76164],[100.66942,13.76156],[100.66944,13.76146],[100.66947,13.76137],[100.66948,13.76131],[100.66947,13.76116],[100.66945,13.76106],[100.66945,13.761],[100.66946,13.76085],[100.66948,13.7607],[100.66949,13.7606],[100.66949,13.76011],[100.6695,13.7598],[100.66953,13.75949],[100.66955,13.75929],[100.66961,13.75894],[100.66965,13.75781],[100.66966,13.75735],[100.66967,13.75683],[100.66967,13.75644],[100.66967,13.7564],[100.66967,13.75637],[100.66968,13.75635],[100.66972,13.75628],[100.66979,13.7562],[100.66985,13.75614],[100.66986,13.75613],[100.67031,13.75585],[100.67047,13.75577],[100.67103,13.75552],[100.67183,13.75513],[100.67194,13.75508],[100.67226,13.75491],[100.67246,13.75482],[100.67255,13.75479],[100.67265,13.75474],[100.67288,13.75464],[100.67309,13.75456],[100.67343,13.75445],[100.67347,13.75444],[100.67379,13.7543],[100.6743,13.75407],[100.67499,13.75376],[100.67516,13.75367],[100.67567,13.75344],[100.67639,13.75314],[100.67688,13.75293],[100.677,13.75288],[100.67709,13.75283],[100.67738,13.7527],[100.6776,13.75263],[100.67778,13.75254],[100.67808,13.7524],[100.67842,13.75226],[100.6788,13.75213],[100.67889,13.7521],[100.67886,13.75202],[100.67877,13.75168],[100.67863,13.7514],[100.67838,13.75101],[100.67818,13.75069],[100.67805,13.7504],[100.67798,13.75017],[100.67776,13.74974],[100.67767,13.74956],[100.67761,13.74946],[100.67756,13.7494],[100.67749,13.74931],[100.67736,13.74921],[100.67732,13.74919],[100.67701,13.74906],[100.67683,13.749],[100.67671,13.74896],[100.67669,13.74895],[100.67667,13.74895],[100.67666,13.74894],[100.67644,13.74885],[100.67621,13.7488],[100.67612,13.74878],[100.67597,13.74874],[100.67594,13.74873],[100.67592,13.74873],[100.67586,13.74873],[100.67581,13.74873],[100.67579,13.74873],[100.67574,13.74873],[100.67567,13.74871],[100.67554,13.74867],[100.67545,13.74865],[100.67542,13.74865],[100.67539,13.74865],[100.67529,13.74865],[100.67517,13.74864],[100.67511,13.74864],[100.67501,13.74864],[100.67484,13.74867],[100.67457,13.74877],[100.67436,13.74884],[100.67413,13.74893],[100.67376,13.7491],[100.67335,13.74928],[100.6732,13.74935],[100.67296,13.74944],[100.67282,13.7495],[100.67278,13.7495],[100.67275,13.74951],[100.67266,13.74952],[100.67263,13.74952],[100.6726,13.74953],[100.67253,13.74952],[100.67242,13.74952],[100.67226,13.74949],[100.67221,13.74946],[100.67207,13.74939],[100.672,13.74935],[100.67189,13.74928],[100.67185,13.74925],[100.67183,13.74924],[100.67176,13.74918],[100.67127,13.74876],[100.67105,13.74857],[100.671,13.74853],[100.67097,13.7485],[100.67091,13.74837],[100.67084,13.7482],[100.67064,13.748],[100.67051,13.74792],[100.67028,13.74783],[100.67021,13.74782],[100.67005,13.74782],[100.66991,13.74782],[100.66934,13.74784],[100.66891,13.74784],[100.66851,13.7478],[100.66824,13.74775],[100.66817,13.74774],[100.66814,13.74773],[100.66795,13.74763],[100.66791,13.74761],[100.66788,13.74759],[100.66769,13.74751],[100.6673,13.7474],[100.66689,13.74725],[100.66655,13.74713],[100.66644,13.74709],[100.66632,13.74705],[100.66623,13.74698],[100.666,13.74676],[100.66595,13.7467],[100.66593,13.74668],[100.66574,13.74643],[100.66559,13.74629],[100.66547,13.74612],[100.66535,13.74598],[100.66535,13.74596],[100.66532,13.74587],[100.66528,13.74572],[100.66522,13.74551],[100.66519,13.74538],[100.66511,13.74513],[100.66504,13.74489],[100.66495,13.74466],[100.66488,13.74443],[100.66471,13.744],[100.66466,13.74383],[100.6646,13.74358],[100.66457,13.74348],[100.66455,13.74341],[100.66453,13.74327],[100.6645,13.74321],[100.66446,13.74316],[100.66436,13.74307],[100.66429,13.74303],[100.66423,13.743],[100.66419,13.74298],[100.66414,13.74297],[100.66366,13.74295],[100.66362,13.74294],[100.66358,13.74293],[100.66352,13.7429],[100.66342,13.74278],[100.66318,13.74243],[100.66308,13.74228],[100.66303,13.74221],[100.66301,13.74208],[100.66301,13.74189],[100.66303,13.74176],[100.66307,13.74164],[100.66308,13.74161],[100.66317,13.74144],[100.66326,13.74125],[100.66335,13.74105],[100.66341,13.74084],[100.66338,13.74063],[100.66333,13.74023],[100.66327,13.74022],[100.6631,13.7402],[100.66297,13.7402],[100.66288,13.74019],[100.66277,13.74015],[100.66264,13.7401],[100.66254,13.74006],[100.66242,13.73999],[100.66228,13.73988],[100.66215,13.73976],[100.66183,13.73958],[100.66163,13.73949],[100.66159,13.73948],[100.66153,13.73945],[100.66138,13.7394],[100.66118,13.73932],[100.66058,13.73908],[100.65973,13.73876],[100.65925,13.73845],[100.65916,13.73841],[100.65909,13.73839],[100.659,13.73839],[100.6589,13.73841],[100.65876,13.73842],[100.65308,13.74031],[100.65202,13.74067],[100.65176,13.74077],[100.6513,13.7409],[100.64969,13.74141],[100.64914,13.74159],[100.64899,13.74165],[100.64861,13.74182],[100.64839,13.74196],[100.64748,13.74263],[100.64761,13.74269],[100.64786,13.74275],[100.64804,13.74284],[100.64823,13.74299],[100.64829,13.74306],[100.64843,13.74322],[100.64848,13.7433],[100.6485,13.74334],[100.64851,13.74335],[100.64853,13.74342],[100.64855,13.74389],[100.64855,13.74396],[100.64855,13.74399],[100.64855,13.74407],[100.64851,13.74411],[100.64847,13.74415],[100.64838,13.74422],[100.6483,13.7443],[100.64817,13.74443],[100.64809,13.74451],[100.64806,13.7446],[100.64797,13.74462],[100.64783,13.74466],[100.64718,13.74509],[100.64714,13.74512],[100.64658,13.7456],[100.64644,13.74572],[100.64618,13.74594],[100.64573,13.74632],[100.64556,13.74645],[100.64541,13.74653],[100.64532,13.74655],[100.64514,13.74658],[100.64486,13.74658],[100.64483,13.74657],[100.64481,13.74657],[100.64472,13.74655],[100.64444,13.74653],[100.64426,13.74651],[100.64415,13.74651],[100.644,13.74653],[100.64381,13.74656],[100.64354,13.74661],[100.64349,13.74662],[100.64322,13.74672],[100.64321,13.74672],[100.64309,13.74676],[100.64279,13.74692],[100.64189,13.74736],[100.64078,13.74792],[100.64074,13.74794],[100.64072,13.74797],[100.64049,13.74818],[100.64027,13.74839],[100.6399,13.74873],[100.63987,13.74875],[100.63983,13.74878],[100.63959,13.74894],[100.63926,13.74915],[100.63895,13.74931],[100.63867,13.74941],[100.63807,13.74955],[100.63793,13.74957],[100.63744,13.74961],[100.63707,13.74965],[100.63696,13.74967],[100.63675,13.74976],[100.63626,13.74999],[100.63591,13.75009],[100.63581,13.75012],[100.6357,13.75012],[100.63567,13.75011],[100.63542,13.75003],[100.63516,13.74995],[100.63468,13.74982],[100.63412,13.74964],[100.63395,13.74958],[100.63363,13.74951],[100.6335,13.74949],[100.63319,13.74942],[100.63306,13.74937],[100.63161,13.74895],[100.63139,13.74885],[100.63135,13.74884],[100.63132,13.74882],[100.63124,13.74879],[100.63104,13.74872],[100.63064,13.74862],[100.63016,13.74853],[100.62964,13.74841],[100.62951,13.74838],[100.62946,13.74837],[100.62915,13.7483],[100.62897,13.74826],[100.62884,13.74822],[100.62853,13.74814],[100.62813,13.748],[100.62792,13.74796],[100.62758,13.7479],[100.62684,13.74767],[100.62567,13.74748],[100.6252,13.74739],[100.62478,13.74726],[100.62411,13.74706],[100.62382,13.74695],[100.62376,13.74694],[100.62362,13.74692],[100.6235,13.74688],[100.62266,13.74664],[100.62246,13.74658],[100.62221,13.74652],[100.62145,13.74638],[100.62092,13.74626],[100.62055,13.74617],[100.6204,13.74613],[100.62025,13.74611],[100.62,13.74608],[100.61991,13.74607],[100.61974,13.74601],[100.61945,13.74591],[100.61918,13.74583],[100.61872,13.74568],[100.61867,13.74567],[100.61794,13.74547],[100.61784,13.74545],[100.61729,13.74535],[100.61703,13.74527],[100.6158,13.74492],[100.61559,13.74485],[100.61534,13.74478],[100.61512,13.74472],[100.6149,13.74464],[100.61454,13.74454],[100.61374,13.74437],[100.61347,13.74432],[100.61324,13.74429],[100.61317,13.74428],[100.61295,13.74424],[100.61222,13.744],[100.61205,13.74396],[100.61193,13.74392],[100.61181,13.74391],[100.6116,13.74389],[100.61159,13.74388],[100.61148,13.74387],[100.61142,13.74386],[100.61131,13.74385],[100.61109,13.74383],[100.61107,13.74383],[100.61099,13.74382],[100.61087,13.74382],[100.61079,13.74381],[100.61077,13.74381],[100.61052,13.74382],[100.61037,13.74387],[100.61033,13.74389],[100.61001,13.74405],[100.60957,13.7442],[100.60901,13.74444],[100.60843,13.74468],[100.6079,13.74489],[100.60774,13.74497],[100.60757,13.74504],[100.60749,13.74508],[100.6074,13.74514],[100.60724,13.74522],[100.60676,13.74545],[100.60637,13.74566],[100.60611,13.74579],[100.60525,13.74614],[100.60489,13.74635],[100.60456,13.74655],[100.60426,13.74669],[100.60412,13.74676],[100.60377,13.74689],[100.60364,13.74694],[100.60359,13.74697],[100.60284,13.74728],[100.60267,13.74736],[100.60224,13.74758],[100.60204,13.74767],[100.6017,13.74782],[100.60135,13.748],[100.60128,13.74804],[100.60127,13.74805],[100.60125,13.74809],[100.60114,13.748],[100.60103,13.74793],[100.60099,13.7479],[100.6008,13.74774],[100.60078,13.74772],[100.60077,13.74771],[100.60074,13.74769],[100.60072,13.74768],[100.6007,13.74766],[100.60051,13.74747],[100.60041,13.74735],[100.60029,13.74717],[100.60022,13.74706],[100.60005,13.74653],[100.59999,13.74631],[100.59991,13.74603],[100.59969,13.74529],[100.59944,13.74458],[100.59933,13.74423],[100.59898,13.74341],[100.59895,13.74331],[100.5983,13.74155],[100.59815,13.74114],[100.59778,13.74121],[100.5977,13.74117],[100.59767,13.74116],[100.59766,13.74115],[100.59761,13.74115],[100.59732,13.74114],[100.5963,13.74129],[100.59557,13.74143],[100.59496,13.74157],[100.59388,13.74174],[100.59347,13.7418],[100.59243,13.742],[100.59182,13.74212],[100.59097,13.74229],[100.5903,13.74242],[100.59003,13.74247],[100.58923,13.7426],[100.5888,13.74269],[100.58878,13.74269],[100.58873,13.7427],[100.58867,13.74272],[100.58862,13.74273],[100.5886,13.74273],[100.58854,13.74274],[100.5885,13.74275],[100.58846,13.74276],[100.58843,13.74277],[100.5884,13.74277],[100.58831,13.7428],[100.58804,13.74287],[100.58783,13.74292],[100.58763,13.74295],[100.58732,13.74301],[100.58723,13.74302],[100.58708,13.74304],[100.58701,13.74305],[100.5868,13.74307],[100.58646,13.74312],[100.58635,13.74314],[100.58629,13.74315],[100.58617,13.74317],[100.58599,13.74322],[100.58582,13.74325],[100.58557,13.74331],[100.58527,13.74338],[100.58465,13.74352],[100.58464,13.74352],[100.58462,13.74353],[100.58458,13.74354],[100.58436,13.74359],[100.58428,13.74361],[100.58397,13.74367],[100.58388,13.7437],[100.58386,13.7437],[100.58378,13.74372],[100.58366,13.74375],[100.58355,13.74377],[100.58347,13.74379],[100.58344,13.7438],[100.58336,13.74382],[100.58304,13.7439],[100.58269,13.74402],[100.58264,13.74404],[100.58259,13.74405],[100.58236,13.74411],[100.58234,13.74412],[100.58231,13.74413],[100.58228,13.74414],[100.58224,13.74415],[100.58218,13.74416],[100.58217,13.74417],[100.58215,13.74417],[100.58211,13.74418],[100.58202,13.74421],[100.58182,13.74426],[100.58178,13.74427],[100.58176,13.74427],[100.58171,13.74428],[100.58153,13.74432],[100.5812,13.7444],[100.58091,13.74448],[100.5809,13.74448],[100.58062,13.74455],[100.58046,13.74459],[100.57974,13.74475],[100.57958,13.74479],[100.57932,13.74484],[100.57879,13.74494],[100.57822,13.74505],[100.57742,13.74518],[100.57715,13.74524],[100.57693,13.74529],[100.57672,13.74534],[100.57609,13.74549],[100.57597,13.74552],[100.57551,13.74559],[100.57544,13.7456],[100.57505,13.74563],[100.57471,13.74568],[100.5742,13.74578],[100.57409,13.74581],[100.57396,13.74585],[100.57381,13.7459],[100.57375,13.74591],[100.57347,13.74599],[100.57333,13.74603],[100.5732,13.74607],[100.5729,13.74614],[100.57283,13.74617],[100.5728,13.74618],[100.57245,13.74625],[100.57235,13.74627],[100.57223,13.74628],[100.5722,13.74629],[100.5712,13.74643],[100.57086,13.7465],[100.57073,13.74652],[100.57068,13.74653],[100.5706,13.74654],[100.56918,13.74684],[100.56898,13.74688],[100.56896,13.74689],[100.56895,13.74689],[100.56892,13.7469],[100.56889,13.7469],[100.56886,13.74691],[100.56881,13.74688],[100.5688,13.74688],[100.56877,13.74688],[100.56875,13.74688],[100.56873,13.74688],[100.56865,13.7469],[100.56856,13.74692],[100.56852,13.74692],[100.56828,13.74697],[100.56821,13.74698],[100.56814,13.74699],[100.56791,13.74703],[100.56753,13.74709],[100.5673,13.74714],[100.56639,13.74736],[100.5656,13.74754],[100.5655,13.74756],[100.56489,13.7477],[100.56471,13.74774],[100.56466,13.74774],[100.56459,13.74775],[100.56449,13.74777],[100.56445,13.74777],[100.56441,13.74778],[100.564,13.74785],[100.56383,13.74788],[100.56368,13.7479],[100.5636,13.74789],[100.56346,13.74788],[100.5633,13.74789]]]},"properties":{"zone_id":"TL","zone_name":"ทองหล่อ"}}
]}